,district_postal_cd,methodology,value,cut,numbers
0,AK,min,total_cost,overall,36029241.43
1,AK,min,total_cost,wan,35149250.29
2,AK,max,total_cost,overall,489138313.4
3,AK,max,total_cost,wan,488225193.2
4,AK,az,total_cost,wan,480773545.4
5,AK,az_pop,total_cost,wan,42600898.04
6,AK,min,total_state_funding,overall,2522388.62
7,AK,min,total_state_funding,wan,2474504.927
8,AK,max,total_state_funding,overall,34736099.33
9,AK,max,total_state_funding,wan,34686412.96
10,AK,az,total_state_funding,wan,34180600.63
11,AK,az_pop,total_state_funding,wan,2980317.259
12,AK,min,total_erate_funding,overall,32949270.82
13,AK,min,total_erate_funding,wan,32117163.35
14,AK,max,total_erate_funding,overall,447582005.8
15,AK,max,total_erate_funding,wan,446718571.9
16,AK,az,total_erate_funding,wan,439802918.7
17,AK,az_pop,total_erate_funding,wan,39032816.52
18,AK,min,total_district_funding,overall,557582.0163
19,AK,min,total_district_funding,wan,557582.0163
20,AK,max,total_district_funding,overall,6820208.496
21,AK,max,total_district_funding,wan,6820208.496
22,AK,az,total_district_funding,wan,6790026.159
23,AK,az_pop,total_district_funding,wan,587764.3524
24,AK,min,build_distance,overall,462.4072827
25,AK,min,build_distance,wan,447.4183866
26,AK,max,build_distance,overall,8911.525139
27,AK,max,build_distance,wan,8895.971955
28,AK,az,build_distance,wan,8622.034497
29,AK,az_pop,build_distance,wan,721.3558449
30,AK,min,total_cost_per_mile,overall,77916.6825
31,AK,max,total_cost_per_mile,overall,54888.28295
32,AK,min,miles_per_build,overall,1.927611577
33,AK,max,miles_per_build,overall,38.71008764
34,AK,min,builds,overall,239.8861307
35,AK,min,builds,wan,235.6147739
36,AK,min,builds,ia,4.271356784
37,AK,max,builds,overall,230.2119598
38,AK,max,builds,wan,225.779799
39,AK,max,builds,ia,4.432160804
40,AK,az,builds,wan,147.718191
41,AK,az_pop,builds,wan,307.5963819
42,AL,min,total_cost,overall,2961102.189
43,AL,min,total_cost,wan,2961102.189
44,AL,max,total_cost,overall,8365322.426
45,AL,max,total_cost,wan,8365322.426
46,AL,az,total_cost,wan,8157461.428
47,AL,az_pop,total_cost,wan,3168963.188
48,AL,min,total_state_funding,overall,282226.7966
49,AL,min,total_state_funding,wan,282226.7966
50,AL,max,total_state_funding,overall,793287.5599
51,AL,max,total_state_funding,wan,793287.5599
52,AL,az,total_state_funding,wan,778766.761
53,AL,az_pop,total_state_funding,wan,296747.5955
54,AL,min,total_erate_funding,overall,2677637.388
55,AL,min,total_erate_funding,wan,2677637.388
56,AL,max,total_erate_funding,overall,7569407.483
57,AL,max,total_erate_funding,wan,7569407.483
58,AL,az,total_erate_funding,wan,7377456.641
59,AL,az_pop,total_erate_funding,wan,2869588.23
60,AL,min,total_district_funding,overall,1237.993943
61,AL,min,total_district_funding,wan,1237.993943
62,AL,max,total_district_funding,overall,2627.383055
63,AL,max,total_district_funding,wan,2627.383055
64,AL,az,total_district_funding,wan,1237.993943
65,AL,az_pop,total_district_funding,wan,2627.383055
66,AL,min,build_distance,overall,42.59157218
67,AL,min,build_distance,wan,42.59157218
68,AL,max,build_distance,overall,147.9643458
69,AL,max,build_distance,wan,147.9643458
70,AL,az,build_distance,wan,145.8895826
71,AL,az_pop,build_distance,wan,44.66633534
72,AL,min,total_cost_per_mile,overall,69523.19525
73,AL,max,total_cost_per_mile,overall,56536.06876
74,AL,min,miles_per_build,overall,2.449181075
75,AL,max,miles_per_build,overall,12.28678674
76,AL,min,builds,overall,17.39012792
77,AL,min,builds,wan,17.39012792
78,AL,min,builds,ia,0
79,AL,max,builds,overall,12.04255831
80,AL,max,builds,wan,12.04255831
81,AL,max,builds,ia,0
82,AL,az,builds,wan,9.81089541
83,AL,az_pop,builds,wan,19.62179082
84,AR,min,total_cost,overall,3791658.749
85,AR,min,total_cost,wan,3706166.568
86,AR,max,total_cost,overall,12281070.32
87,AR,max,total_cost,wan,12123213.56
88,AR,az,total_cost,wan,8387464.028
89,AR,az_pop,total_cost,wan,7441916.104
90,AR,min,total_state_funding,overall,298598.3022
91,AR,min,total_state_funding,wan,294323.6966
92,AR,max,total_state_funding,overall,966558.8007
93,AR,max,total_state_funding,wan,958665.9693
94,AR,az,total_state_funding,wan,682037.8881
95,AR,az_pop,total_state_funding,wan,570951.7778
96,AR,min,total_erate_funding,overall,3481744.353
97,AR,min,total_erate_funding,wan,3400526.789
98,AR,max,total_erate_funding,overall,11221358.27
99,AR,max,total_erate_funding,wan,11071394.37
100,AR,az,total_erate_funding,wan,7694109.98
101,AR,az_pop,total_erate_funding,wan,6777811.179
102,AR,min,total_district_funding,overall,11316.1725
103,AR,min,total_district_funding,wan,11316.1725
104,AR,max,total_district_funding,overall,93153.23599
105,AR,max,total_district_funding,wan,93153.23599
106,AR,az,total_district_funding,wan,11316.1725
107,AR,az_pop,total_district_funding,wan,93153.23599
108,AR,min,build_distance,overall,33.58836147
109,AR,min,build_distance,wan,33.08703368
110,AR,max,build_distance,overall,211.3346486
111,AR,max,build_distance,wan,210.8517706
112,AR,az,build_distance,wan,150.1347139
113,AR,az_pop,build_distance,wan,93.80409043
114,AR,min,total_cost_per_mile,overall,112886.0886
115,AR,max,total_cost_per_mile,overall,58111.95846
116,AR,min,miles_per_build,overall,0.598795406
117,AR,max,miles_per_build,overall,2.918945151
118,AR,min,builds,overall,56.09321839
119,AR,min,builds,wan,54.96103448
120,AR,min,builds,ia,1.132183908
121,AR,max,builds,overall,72.40103448
122,AR,max,builds,wan,71.31051724
123,AR,max,builds,ia,1.090517241
124,AR,az,builds,wan,31.71051724
125,AR,az_pop,builds,wan,84.18103448
126,AZ,min,total_cost,overall,76677795.46
127,AZ,min,total_cost,wan,71426744.1
128,AZ,max,total_cost,overall,313408501.7
129,AZ,max,total_cost,wan,306932439.1
130,AZ,az,total_cost,wan,219888724.8
131,AZ,az_pop,total_cost,wan,158470458.4
132,AZ,min,total_state_funding,overall,6085109.456
133,AZ,min,total_state_funding,wan,5748470.18
134,AZ,max,total_state_funding,overall,24359136.49
135,AZ,max,total_state_funding,wan,23943963.05
136,AZ,az,total_state_funding,wan,17323308.85
137,AZ,az_pop,total_state_funding,wan,12369124.39
138,AZ,min,total_erate_funding,overall,66777788.18
139,AZ,min,total_erate_funding,wan,62035423.44
140,AZ,max,total_erate_funding,overall,271404129.8
141,AZ,max,total_erate_funding,wan,265555424.7
142,AZ,az,total_erate_funding,wan,189067368.2
143,AZ,az_pop,total_erate_funding,wan,138523480
144,AZ,min,total_district_funding,overall,3814897.695
145,AZ,min,total_district_funding,wan,3642850.36
146,AZ,max,total_district_funding,overall,17645235.51
147,AZ,max,total_district_funding,wan,17433051.46
148,AZ,az,total_district_funding,wan,13498047.69
149,AZ,az_pop,total_district_funding,wan,7577854.134
150,AZ,min,build_distance,overall,962.6735878
151,AZ,min,build_distance,wan,858.7973662
152,AZ,max,build_distance,overall,5198.266214
153,AZ,max,build_distance,wan,5070.156837
154,AZ,az,build_distance,wan,3025.685257
155,AZ,az_pop,build_distance,wan,2903.268946
156,AZ,min,total_cost_per_mile,overall,79650.87693
157,AZ,max,total_cost_per_mile,overall,60290.96796
158,AZ,min,miles_per_build,overall,1.260993477
159,AZ,max,miles_per_build,overall,4.729000956
160,AZ,min,builds,overall,763.4247164
161,AZ,min,builds,wan,755.609791
162,AZ,min,builds,ia,7.814925373
163,AZ,max,builds,overall,1099.231373
164,AZ,max,builds,wan,1089.593313
165,AZ,max,builds,ia,9.638059701
166,AZ,az,builds,wan,374.0277015
167,AZ,az_pop,builds,wan,1230.135403
168,CA,min,total_cost,overall,97061947.46
169,CA,min,total_cost,wan,81965488.34
170,CA,max,total_cost,overall,485931219.4
171,CA,max,total_cost,wan,458104096.5
172,CA,az,total_cost,wan,350484817.5
173,CA,az_pop,total_cost,wan,189584767.2
174,CA,min,total_state_funding,overall,7975703.912
175,CA,min,total_state_funding,wan,6550357.472
176,CA,max,total_state_funding,overall,39669902.7
177,CA,max,total_state_funding,wan,37042578.62
178,CA,az,total_state_funding,wan,28343859.08
179,CA,az_pop,total_state_funding,wan,15249077.02
180,CA,min,total_erate_funding,overall,82085881.64
181,CA,min,total_erate_funding,wan,69719855.67
182,CA,max,total_erate_funding,overall,410394284.8
183,CA,max,total_erate_funding,wan,387600136.7
184,CA,az,total_erate_funding,wan,295902714.1
185,CA,az_pop,total_erate_funding,wan,161417278.3
186,CA,min,total_district_funding,overall,7000361.756
187,CA,min,total_district_funding,wan,5695275.034
188,CA,max,total_district_funding,overall,35867031.95
189,CA,max,total_district_funding,wan,33461381.16
190,CA,az,total_district_funding,wan,26238244.27
191,CA,az_pop,total_district_funding,wan,12918411.92
192,CA,min,build_distance,overall,940.8941994
193,CA,min,build_distance,wan,738.0026632
194,CA,max,build_distance,overall,5955.155368
195,CA,max,build_distance,wan,5756.896615
196,CA,az,build_distance,wan,3796.172679
197,CA,az_pop,build_distance,wan,2698.7266
198,CA,min,total_cost_per_mile,overall,103159.258
199,CA,max,total_cost_per_mile,overall,81598.41169
200,CA,min,miles_per_build,overall,1.907665104
201,CA,max,miles_per_build,overall,8.7125812
202,CA,min,builds,overall,493.2177022
203,CA,min,builds,wan,474.7445511
204,CA,min,builds,ia,18.4731511
205,CA,max,builds,overall,683.5121798
206,CA,max,builds,wan,665.4608408
207,CA,max,builds,ia,18.05133898
208,CA,az,builds,wan,312.388464
209,CA,az_pop,builds,wan,760.136928
210,CO,min,total_cost,overall,13464754.48
211,CO,min,total_cost,wan,13177500.25
212,CO,max,total_cost,overall,37748996.82
213,CO,max,total_cost,wan,37196785.73
214,CO,az,total_cost,wan,24345894.28
215,CO,az_pop,total_cost,wan,26028391.7
216,CO,min,total_state_funding,overall,1263547.307
217,CO,min,total_state_funding,wan,1234821.882
218,CO,max,total_state_funding,overall,3457264.732
219,CO,max,total_state_funding,wan,3402043.617
220,CO,az,total_state_funding,wan,2261989.601
221,CO,az_pop,total_state_funding,wan,2374875.899
222,CO,min,total_erate_funding,overall,10936038.19
223,CO,min,total_erate_funding,wan,10677509.38
224,CO,max,total_erate_funding,overall,31127048.7
225,CO,max,total_erate_funding,wan,30630058.71
226,CO,az,total_erate_funding,wan,19888630.14
227,CO,az_pop,total_erate_funding,wan,21418937.96
228,CO,min,total_district_funding,overall,1265168.986
229,CO,min,total_district_funding,wan,1265168.986
230,CO,max,total_district_funding,overall,3164683.461
231,CO,max,total_district_funding,wan,3164683.461
232,CO,az,total_district_funding,wan,2195274.544
233,CO,az_pop,total_district_funding,wan,2234577.903
234,CO,min,build_distance,overall,212.9596816
235,CO,min,build_distance,wan,206.4637396
236,CO,max,build_distance,overall,665.8973353
237,CO,max,build_distance,wan,659.4195637
238,CO,az,build_distance,wan,383.6560808
239,CO,az_pop,build_distance,wan,482.2272225
240,CO,min,total_cost_per_mile,overall,63226.77784
241,CO,max,total_cost_per_mile,overall,56688.91408
242,CO,min,miles_per_build,overall,3.128510635
243,CO,max,miles_per_build,overall,7.513784146
244,CO,min,builds,overall,68.07062736
245,CO,min,builds,wan,66.98975057
246,CO,min,builds,ia,1.080876795
247,CO,max,builds,overall,88.62343159
248,CO,max,builds,wan,87.54557823
249,CO,max,builds,ia,1.077853364
250,CO,az,builds,wan,49.51177627
251,CO,az_pop,builds,wan,103.0235525
252,CT,min,total_cost,overall,6185352.358
253,CT,min,total_cost,wan,6185352.358
254,CT,max,total_cost,overall,9696812.061
255,CT,max,total_cost,wan,9696812.061
256,CT,az,total_cost,wan,6238579.89
257,CT,az_pop,total_cost,wan,9643584.529
258,CT,min,total_state_funding,overall,615369.4107
259,CT,min,total_state_funding,wan,615369.4107
260,CT,max,total_state_funding,overall,965290.4366
261,CT,max,total_state_funding,wan,965290.4366
262,CT,az,total_state_funding,wan,620692.166
263,CT,az_pop,total_state_funding,wan,959967.6813
264,CT,min,total_erate_funding,overall,3926380.8
265,CT,min,total_erate_funding,wan,3926380.8
266,CT,max,total_erate_funding,overall,6067616.161
267,CT,max,total_erate_funding,wan,6067616.161
268,CT,az,total_erate_funding,wan,3961996.172
269,CT,az_pop,total_erate_funding,wan,6032000.789
270,CT,min,total_district_funding,overall,1643602.137
271,CT,min,total_district_funding,wan,1643602.137
272,CT,max,total_district_funding,overall,2663905.474
273,CT,max,total_district_funding,wan,2663905.474
274,CT,az,total_district_funding,wan,1655891.553
275,CT,az_pop,total_district_funding,wan,2651616.059
276,CT,min,build_distance,overall,65.90080256
277,CT,min,build_distance,wan,65.90080256
278,CT,max,build_distance,overall,107.1882722
279,CT,max,build_distance,wan,107.1882722
280,CT,az,build_distance,wan,67.759068
281,CT,az_pop,build_distance,wan,105.3300067
282,CT,min,total_cost_per_mile,overall,93858.52855
283,CT,max,total_cost_per_mile,overall,90465.23343
284,CT,min,miles_per_build,overall,2.269064072
285,CT,max,miles_per_build,overall,2.158147815
286,CT,min,builds,overall,29.04316514
287,CT,min,builds,wan,29.04316514
288,CT,min,builds,ia,0
289,CT,max,builds,overall,49.66678899
290,CT,max,builds,wan,49.66678899
291,CT,max,builds,ia,0
292,CT,az,builds,wan,26.23665138
293,CT,az_pop,builds,wan,52.47330275
294,FL,min,total_cost,overall,5856056.867
295,FL,min,total_cost,wan,5856056.867
296,FL,max,total_cost,overall,21315831.25
297,FL,max,total_cost,wan,21315831.25
298,FL,az,total_cost,wan,21249923.01
299,FL,az_pop,total_cost,wan,5921965.107
300,FL,min,total_state_funding,overall,488256.5455
301,FL,min,total_state_funding,wan,488256.5455
302,FL,max,total_state_funding,overall,1790176.294
303,FL,max,total_state_funding,wan,1790176.294
304,FL,az,total_state_funding,wan,1783874
305,FL,az_pop,total_state_funding,wan,494558.8398
306,FL,min,total_erate_funding,overall,5367800.301
307,FL,min,total_erate_funding,wan,5367800.301
308,FL,max,total_erate_funding,overall,19525654.91
309,FL,max,total_erate_funding,wan,19525654.91
310,FL,az,total_erate_funding,wan,19466049
311,FL,az_pop,total_erate_funding,wan,5427406.205
312,FL,min,total_district_funding,overall,0
313,FL,min,total_district_funding,wan,0
314,FL,max,total_district_funding,overall,0
315,FL,max,total_district_funding,wan,0
316,FL,az,total_district_funding,wan,0
317,FL,az_pop,total_district_funding,wan,0
318,FL,min,build_distance,overall,87.12241197
319,FL,min,build_distance,wan,87.12241197
320,FL,max,build_distance,overall,332.159297
321,FL,max,build_distance,wan,332.159297
322,FL,az,build_distance,wan,331.8070813
323,FL,az_pop,build_distance,wan,87.47462768
324,FL,min,total_cost_per_mile,overall,67216.42267
325,FL,max,total_cost_per_mile,overall,64173.51989
326,FL,min,miles_per_build,overall,3.818399021
327,FL,max,miles_per_build,overall,24.22121592
328,FL,min,builds,overall,22.81647662
329,FL,min,builds,wan,22.81647662
330,FL,min,builds,ia,0
331,FL,max,builds,overall,13.71356823
332,FL,max,builds,wan,13.71356823
333,FL,max,builds,ia,0
334,FL,az,builds,wan,11.17668161
335,FL,az_pop,builds,wan,24.35336323
336,GA,min,total_cost,overall,486008.7811
337,GA,min,total_cost,wan,486008.7811
338,GA,max,total_cost,overall,807482.3529
339,GA,max,total_cost,wan,807482.3529
340,GA,az,total_cost,wan,597448.5451
341,GA,az_pop,total_cost,wan,696042.5889
342,GA,min,total_state_funding,overall,42694.56714
343,GA,min,total_state_funding,wan,42694.56714
344,GA,max,total_state_funding,overall,67698.85678
345,GA,max,total_state_funding,wan,67698.85678
346,GA,az,total_state_funding,wan,50230.28285
347,GA,az_pop,total_state_funding,wan,60163.14108
348,GA,min,total_erate_funding,overall,434126.3073
349,GA,min,total_erate_funding,wan,434126.3073
350,GA,max,total_erate_funding,overall,724838.8925
351,GA,max,total_erate_funding,wan,724838.8925
352,GA,az,total_erate_funding,wan,538030.3444
353,GA,az_pop,total_erate_funding,wan,620934.8553
354,GA,min,total_district_funding,overall,9187.962359
355,GA,min,total_district_funding,wan,9187.962359
356,GA,max,total_district_funding,overall,14944.62593
357,GA,max,total_district_funding,wan,14944.62593
358,GA,az,total_district_funding,wan,9187.962359
359,GA,az_pop,total_district_funding,wan,14944.62593
360,GA,min,build_distance,overall,6.919747159
361,GA,min,build_distance,wan,6.919747159
362,GA,max,build_distance,overall,10.30749247
363,GA,max,build_distance,wan,10.30749247
364,GA,az,build_distance,wan,9.288100349
365,GA,az_pop,build_distance,wan,7.939139284
366,GA,min,total_cost_per_mile,overall,70235.04904
367,GA,max,total_cost_per_mile,overall,78339.35897
368,GA,min,miles_per_build,overall,2.071105077
369,GA,max,miles_per_build,overall,1.752880323
370,GA,min,builds,overall,3.341089371
371,GA,min,builds,wan,3.341089371
372,GA,min,builds,ia,0
373,GA,max,builds,overall,5.880317292
374,GA,max,builds,wan,5.880317292
375,GA,max,builds,ia,0
376,GA,az,builds,wan,3.073802221
377,GA,az_pop,builds,wan,6.147604442
378,IA,min,total_cost,overall,7013661.688
379,IA,min,total_cost,wan,6814551.466
380,IA,max,total_cost,overall,19630553.95
381,IA,max,total_cost,wan,18677627.1
382,IA,az,total_cost,wan,14063509.38
383,IA,az_pop,total_cost,wan,11428669.18
384,IA,min,total_state_funding,overall,681426.4805
385,IA,min,total_state_funding,wan,661515.4656
386,IA,max,total_state_funding,overall,1938117.383
387,IA,max,total_state_funding,wan,1842824.708
388,IA,az,total_state_funding,wan,1386411.193
389,IA,az_pop,total_state_funding,wan,1117928.98
390,IA,min,total_erate_funding,overall,5446597.955
391,IA,min,total_erate_funding,wan,5278640.592
392,IA,max,total_erate_funding,overall,15426937.99
393,IA,max,total_erate_funding,wan,14656133.34
394,IA,az,total_erate_funding,wan,11112841.81
395,IA,az_pop,total_erate_funding,wan,8821932.12
396,IA,min,total_district_funding,overall,885637.2411
397,IA,min,total_district_funding,wan,874395.397
398,IA,max,total_district_funding,overall,2265498.58
399,IA,max,total_district_funding,wan,2178669.05
400,IA,az,total_district_funding,wan,1564256.369
401,IA,az_pop,total_district_funding,wan,1488808.079
402,IA,min,build_distance,overall,58.28592532
403,IA,min,build_distance,wan,56.70683453
404,IA,max,build_distance,overall,320.161516
405,IA,max,build_distance,wan,318.6199511
406,IA,az,build_distance,wan,218.698048
407,IA,az_pop,build_distance,wan,156.6287376
408,IA,min,total_cost_per_mile,overall,120331.9952
409,IA,max,total_cost_per_mile,overall,61314.53336
410,IA,min,miles_per_build,overall,0.696451447
411,IA,max,miles_per_build,overall,2.751936117
412,IA,min,builds,overall,83.68986175
413,IA,min,builds,wan,81.26589862
414,IA,min,builds,ia,2.423963134
415,IA,max,builds,overall,116.3404608
416,IA,max,builds,wan,113.9741014
417,IA,max,builds,ia,2.366359447
418,IA,az,builds,wan,53.08
419,IA,az_pop,builds,wan,130.16
420,ID,min,total_cost,overall,22987185.59
421,ID,min,total_cost,wan,22987185.59
422,ID,max,total_cost,overall,51955459.89
423,ID,max,total_cost,wan,51955459.89
424,ID,az,total_cost,wan,40394456.32
425,ID,az_pop,total_cost,wan,34548189.17
426,ID,min,total_state_funding,overall,2231857.841
427,ID,min,total_state_funding,wan,2231857.841
428,ID,max,total_state_funding,overall,4992814.028
429,ID,max,total_state_funding,wan,4992814.028
430,ID,az,total_state_funding,wan,3972584.873
431,ID,az_pop,total_state_funding,wan,3252086.996
432,ID,min,total_erate_funding,overall,20204507.6
433,ID,min,total_erate_funding,wan,20204507.6
434,ID,max,total_erate_funding,overall,45505050.29
435,ID,max,total_erate_funding,wan,45505050.29
436,ID,az,total_erate_funding,wan,35246375.27
437,ID,az_pop,total_erate_funding,wan,30463182.62
438,ID,min,total_district_funding,overall,550820.1605
439,ID,min,total_district_funding,wan,550820.1605
440,ID,max,total_district_funding,overall,1457595.563
441,ID,max,total_district_funding,wan,1457595.563
442,ID,az,total_district_funding,wan,1175496.127
443,ID,az_pop,total_district_funding,wan,832919.5963
444,ID,min,build_distance,overall,336.3417258
445,ID,min,build_distance,wan,336.3417258
446,ID,max,build_distance,overall,918.3607763
447,ID,max,build_distance,wan,918.3607763
448,ID,az,build_distance,wan,659.8701103
449,ID,az_pop,build_distance,wan,594.8323918
450,ID,min,total_cost_per_mile,overall,68344.73344
451,ID,max,total_cost_per_mile,overall,56574.12776
452,ID,min,miles_per_build,overall,2.932100346
453,ID,max,miles_per_build,overall,5.852679727
454,ID,min,builds,overall,114.7101689
455,ID,min,builds,wan,114.7101689
456,ID,min,builds,ia,0
457,ID,max,builds,overall,156.9128705
458,ID,max,builds,wan,156.9128705
459,ID,max,builds,ia,0
460,ID,az,builds,wan,82.84101313
461,ID,az_pop,builds,wan,181.0820263
462,IL,min,total_cost,overall,31924054.94
463,IL,min,total_cost,wan,31150225.06
464,IL,max,total_cost,overall,83968932.87
465,IL,max,total_cost,wan,82642463.99
466,IL,az,total_cost,wan,47621546.24
467,IL,az_pop,total_cost,wan,66171142.82
468,IL,min,total_state_funding,overall,3006959.55
469,IL,min,total_state_funding,wan,2938303.203
470,IL,max,total_state_funding,overall,7816683.556
471,IL,max,total_state_funding,wan,7698995.534
472,IL,az,total_state_funding,wan,4477875.06
473,IL,az_pop,total_state_funding,wan,6159423.676
474,IL,min,total_erate_funding,overall,24123766.39
475,IL,min,total_erate_funding,wan,23452842.17
476,IL,max,total_erate_funding,overall,64008160.63
477,IL,max,total_erate_funding,wan,62858088.62
478,IL,az,total_erate_funding,wan,36852036.65
479,IL,az_pop,total_erate_funding,wan,49458894.14
480,IL,min,total_district_funding,overall,4793329.037
481,IL,min,total_district_funding,wan,4759079.732
482,IL,max,total_district_funding,overall,12144088.77
483,IL,max,total_district_funding,wan,12085379.95
484,IL,az,total_district_funding,wan,6291634.58
485,IL,az_pop,total_district_funding,wan,10552825.1
486,IL,min,build_distance,overall,246.6669309
487,IL,min,build_distance,wan,242.9683143
488,IL,max,build_distance,overall,904.2824584
489,IL,max,build_distance,wan,900.9470218
490,IL,az,build_distance,wan,508.07999
491,IL,az_pop,build_distance,wan,635.835346
492,IL,min,total_cost_per_mile,overall,129421.7057
493,IL,max,total_cost_per_mile,overall,92856.97415
494,IL,min,miles_per_build,overall,0.737418969
495,IL,max,miles_per_build,overall,1.809084957
496,IL,min,builds,overall,334.5003874
497,IL,min,builds,wan,324.6524677
498,IL,min,builds,ia,9.847919656
499,IL,max,builds,overall,499.8562697
500,IL,max,builds,wan,490.9753515
501,IL,max,builds,ia,8.880918221
502,IL,az,builds,wan,214.9559397
503,IL,az_pop,builds,wan,543.7518795
504,IN,min,total_cost,overall,12837732.43
505,IN,min,total_cost,wan,12837732.43
506,IN,max,total_cost,overall,27955797.1
507,IN,max,total_cost,wan,27955797.1
508,IN,az,total_cost,wan,25438840.32
509,IN,az_pop,total_cost,wan,15354689.21
510,IN,min,total_state_funding,overall,1266658.803
511,IN,min,total_state_funding,wan,1266658.803
512,IN,max,total_state_funding,overall,2772112.324
513,IN,max,total_state_funding,wan,2772112.324
514,IN,az,total_state_funding,wan,2520416.667
515,IN,az_pop,total_state_funding,wan,1518354.459
516,IN,min,total_erate_funding,overall,9792757.604
517,IN,min,total_erate_funding,wan,9792757.604
518,IN,max,total_erate_funding,overall,21180318.52
519,IN,max,total_erate_funding,wan,21180318.52
520,IN,az,total_erate_funding,wan,19273032.33
521,IN,az_pop,total_erate_funding,wan,11700043.8
522,IN,min,total_district_funding,overall,1778316.032
523,IN,min,total_district_funding,wan,1778316.032
524,IN,max,total_district_funding,overall,4003366.22
525,IN,max,total_district_funding,wan,4003366.22
526,IN,az,total_district_funding,wan,3645391.326
527,IN,az_pop,total_district_funding,wan,2136290.927
528,IN,min,build_distance,overall,156.2843106
529,IN,min,build_distance,wan,156.2843106
530,IN,max,build_distance,overall,350.5065542
531,IN,max,build_distance,wan,350.5065542
532,IN,az,build_distance,wan,316.7688602
533,IN,az_pop,build_distance,wan,190.0220046
534,IN,min,total_cost_per_mile,overall,82143.44983
535,IN,max,total_cost_per_mile,overall,79758.27203
536,IN,min,miles_per_build,overall,2.229449937
537,IN,max,miles_per_build,overall,4.99924935
538,IN,min,builds,overall,70.09994169
539,IN,min,builds,wan,70.09994169
540,IN,min,builds,ia,0
541,IN,max,builds,overall,70.11183673
542,IN,max,builds,wan,70.11183673
543,IN,max,builds,ia,0
544,IN,az,builds,wan,43.73725948
545,IN,az_pop,builds,wan,93.47451895
546,KS,min,total_cost,overall,16865472.86
547,KS,min,total_cost,wan,16117935.54
548,KS,max,total_cost,overall,46254495.07
549,KS,max,total_cost,wan,44784919.91
550,KS,az,total_cost,wan,27661129.01
551,KS,az_pop,total_cost,wan,33241726.44
552,KS,min,total_state_funding,overall,1686547.247
553,KS,min,total_state_funding,wan,1611793.519
554,KS,max,total_state_funding,overall,4625449.52
555,KS,max,total_state_funding,wan,4478492.012
556,KS,az,total_state_funding,wan,2766112.881
557,KS,az_pop,total_state_funding,wan,3324172.65
558,KS,min,total_erate_funding,overall,14279283.45
559,KS,min,total_erate_funding,wan,13673982.72
560,KS,max,total_erate_funding,overall,38725774.77
561,KS,max,total_erate_funding,wan,37535820.91
562,KS,az,total_erate_funding,wan,23380482.5
563,KS,az_pop,total_erate_funding,wan,27829321.13
564,KS,min,total_district_funding,overall,899642.1403
565,KS,min,total_district_funding,wan,832159.2788
566,KS,max,total_district_funding,overall,2903270.816
567,KS,max,total_district_funding,wan,2770607.022
568,KS,az,total_district_funding,wan,1514533.607
569,KS,az_pop,total_district_funding,wan,2088232.694
570,KS,min,build_distance,overall,233.4427303
571,KS,min,build_distance,wan,218.7021259
572,KS,max,build_distance,overall,798.1625955
573,KS,max,build_distance,wan,783.6601696
574,KS,az,build_distance,wan,425.4872661
575,KS,az_pop,build_distance,wan,576.8750293
576,KS,min,total_cost_per_mile,overall,72246.7255
577,KS,max,total_cost_per_mile,overall,57951.21862
578,KS,min,miles_per_build,overall,2.217747049
579,KS,max,miles_per_build,overall,5.650696207
580,KS,min,builds,overall,105.2612066
581,KS,min,builds,wan,103.2246435
582,KS,min,builds,ia,2.036563071
583,KS,max,builds,overall,141.2503108
584,KS,max,builds,wan,139.2466545
585,KS,max,builds,ia,2.003656307
586,KS,az,builds,wan,79.803766
587,KS,az_pop,builds,wan,161.647532
588,LA,min,total_cost,overall,4969825.248
589,LA,min,total_cost,wan,4969825.248
590,LA,max,total_cost,overall,14222610.19
591,LA,max,total_cost,wan,14222610.19
592,LA,az,total_cost,wan,13876473.2
593,LA,az_pop,total_cost,wan,5315962.231
594,LA,min,total_state_funding,overall,342273.7944
595,LA,min,total_state_funding,wan,342273.7944
596,LA,max,total_state_funding,overall,1015762.32
597,LA,max,total_state_funding,wan,1015762.32
598,LA,az,total_state_funding,wan,998455.4619
599,LA,az_pop,total_state_funding,wan,359580.6524
600,LA,min,total_erate_funding,overall,4627551.402
601,LA,min,total_erate_funding,wan,4627551.402
602,LA,max,total_erate_funding,overall,13206847.9
603,LA,max,total_erate_funding,wan,13206847.9
604,LA,az,total_erate_funding,wan,12878017.75
605,LA,az_pop,total_erate_funding,wan,4956381.548
606,LA,min,total_district_funding,overall,0
607,LA,min,total_district_funding,wan,0
608,LA,max,total_district_funding,overall,0
609,LA,max,total_district_funding,wan,0
610,LA,az,total_district_funding,wan,0
611,LA,az_pop,total_district_funding,wan,0
612,LA,min,build_distance,overall,80.72205961
613,LA,min,build_distance,wan,80.72205961
614,LA,max,build_distance,overall,214.4260582
615,LA,max,build_distance,wan,214.4260582
616,LA,az,build_distance,wan,213.3741503
617,LA,az_pop,build_distance,wan,81.77396755
618,LA,min,total_cost_per_mile,overall,61567.12641
619,LA,max,total_cost_per_mile,overall,66328.73963
620,LA,min,miles_per_build,overall,2.096747145
621,LA,max,miles_per_build,overall,7.908823298
622,LA,min,builds,overall,38.49870968
623,LA,min,builds,wan,38.49870968
624,LA,min,builds,ia,0
625,LA,max,builds,overall,27.11225806
626,LA,max,builds,wan,27.11225806
627,LA,max,builds,ia,0
628,LA,az,builds,wan,14.73032258
629,LA,az_pop,builds,wan,43.74064516
630,MA,min,total_cost,overall,38622251.22
631,MA,min,total_cost,wan,38622251.22
632,MA,max,total_cost,overall,64419027.41
633,MA,max,total_cost,wan,64419027.41
634,MA,az,total_cost,wan,45168199.88
635,MA,az_pop,total_cost,wan,57873078.74
636,MA,min,total_state_funding,overall,3845441.008
637,MA,min,total_state_funding,wan,3845441.008
638,MA,max,total_state_funding,overall,6361253.113
639,MA,max,total_state_funding,wan,6361253.113
640,MA,az,total_state_funding,wan,4500035.859
641,MA,az_pop,total_state_funding,wan,5706658.261
642,MA,min,total_erate_funding,overall,25993041.42
643,MA,min,total_erate_funding,wan,25993041.42
644,MA,max,total_erate_funding,overall,42888488.88
645,MA,max,total_erate_funding,wan,42888488.88
646,MA,az,total_erate_funding,wan,30559879.29
647,MA,az_pop,total_erate_funding,wan,38321651.01
648,MA,min,total_district_funding,overall,8783768.759
649,MA,min,total_district_funding,wan,8783768.759
650,MA,max,total_district_funding,overall,15169285.42
651,MA,max,total_district_funding,wan,15169285.42
652,MA,az,total_district_funding,wan,10108284.71
653,MA,az_pop,total_district_funding,wan,13844769.47
654,MA,min,build_distance,overall,386.3566092
655,MA,min,build_distance,wan,386.3566092
656,MA,max,build_distance,overall,690.600413
657,MA,max,build_distance,wan,690.600413
658,MA,az,build_distance,wan,490.8196283
659,MA,az_pop,build_distance,wan,586.1373939
660,MA,min,total_cost_per_mile,overall,99965.29192
661,MA,max,total_cost_per_mile,overall,93279.74063
662,MA,min,miles_per_build,overall,1.918098935
663,MA,max,miles_per_build,overall,2.375363362
664,MA,min,builds,overall,201.426841
665,MA,min,builds,wan,201.426841
666,MA,min,builds,ia,0
667,MA,max,builds,overall,290.7346405
668,MA,max,builds,wan,290.7346405
669,MA,max,builds,ia,0
670,MA,az,builds,wan,145.6738272
671,MA,az_pop,builds,wan,328.1076543
672,MD,min,total_cost,overall,19209812.79
673,MD,min,total_cost,wan,19209812.79
674,MD,max,total_cost,overall,75437752.84
675,MD,max,total_cost,wan,75437752.84
676,MD,az,total_cost,wan,75437752.84
677,MD,az_pop,total_cost,wan,19209812.79
678,MD,min,total_state_funding,overall,1920981.27
679,MD,min,total_state_funding,wan,1920981.27
680,MD,max,total_state_funding,overall,7543775.32
681,MD,max,total_state_funding,wan,7543775.32
682,MD,az,total_state_funding,wan,7543775.32
683,MD,az_pop,total_state_funding,wan,1920981.27
684,MD,min,total_erate_funding,overall,12849743.85
685,MD,min,total_erate_funding,wan,12849743.85
686,MD,max,total_erate_funding,overall,51185556.18
687,MD,max,total_erate_funding,wan,51185556.18
688,MD,az,total_erate_funding,wan,51185556.18
689,MD,az_pop,total_erate_funding,wan,12849743.85
690,MD,min,total_district_funding,overall,4439087.63
691,MD,min,total_district_funding,wan,4439087.63
692,MD,max,total_district_funding,overall,16708421.37
693,MD,max,total_district_funding,wan,16708421.37
694,MD,az,total_district_funding,wan,16708421.37
695,MD,az_pop,total_district_funding,wan,4439087.63
696,MD,min,build_distance,overall,204.5110259
697,MD,min,build_distance,wan,204.5110259
698,MD,max,build_distance,overall,1106.232493
699,MD,max,build_distance,wan,1106.232493
700,MD,az,build_distance,wan,1106.232493
701,MD,az_pop,build_distance,wan,204.5110259
702,MD,min,total_cost_per_mile,overall,93930.45048
703,MD,max,total_cost_per_mile,overall,68193.39815
704,MD,min,miles_per_build,overall,1.765461204
705,MD,max,miles_per_build,overall,19.0993179
706,MD,min,builds,overall,115.84
707,MD,min,builds,wan,115.84
708,MD,min,builds,ia,0
709,MD,max,builds,overall,57.92
710,MD,max,builds,wan,57.92
711,MD,max,builds,ia,0
712,MD,az,builds,wan,53.84
713,MD,az_pop,builds,wan,115.84
714,ME,min,total_cost,overall,3862164.55
715,ME,min,total_cost,wan,3862164.55
716,ME,max,total_cost,overall,8492033.725
717,ME,max,total_cost,wan,8492033.725
718,ME,az,total_cost,wan,8347523.403
719,ME,az_pop,total_cost,wan,4006674.873
720,ME,min,total_state_funding,overall,352922.2659
721,ME,min,total_state_funding,wan,352922.2659
722,ME,max,total_state_funding,overall,692546.9655
723,ME,max,total_state_funding,wan,692546.9655
724,ME,az,total_state_funding,wan,678095.9333
725,ME,az_pop,total_state_funding,wan,367373.2982
726,ME,min,total_erate_funding,overall,3193224.88
727,ME,min,total_erate_funding,wan,3193224.88
728,ME,max,total_erate_funding,overall,7325355.241
729,ME,max,total_erate_funding,wan,7325355.241
730,ME,az,total_erate_funding,wan,7226300.042
731,ME,az_pop,total_erate_funding,wan,3292280.079
732,ME,min,total_district_funding,overall,316017.3822
733,ME,min,total_district_funding,wan,316017.3822
734,ME,max,total_district_funding,overall,474131.5296
735,ME,max,total_district_funding,wan,474131.5296
736,ME,az,total_district_funding,wan,443127.4497
737,ME,az_pop,total_district_funding,wan,347021.4622
738,ME,min,build_distance,overall,52.70429597
739,ME,min,build_distance,wan,52.70429597
740,ME,max,build_distance,overall,152.8290053
741,ME,max,build_distance,wan,152.8290053
742,ME,az,build_distance,wan,151.8391481
743,ME,az_pop,build_distance,wan,53.69415313
744,ME,min,total_cost_per_mile,overall,73279.88125
745,ME,max,total_cost_per_mile,overall,55565.58919
746,ME,min,miles_per_build,overall,2.660489448
747,ME,max,miles_per_build,overall,12.4082805
748,ME,min,builds,overall,19.81
749,ME,min,builds,wan,19.81
750,ME,min,builds,ia,0
751,ME,max,builds,overall,12.31669492
752,ME,max,builds,wan,12.31669492
753,ME,max,builds,ia,0
754,ME,az,builds,wan,9.708898305
755,ME,az_pop,builds,wan,21.41779661
756,MI,min,total_cost,overall,29194825.1
757,MI,min,total_cost,wan,26904424.67
758,MI,max,total_cost,overall,72931987.23
759,MI,max,total_cost,wan,68691207.53
760,MI,az,total_cost,wan,37004554.55
761,MI,az_pop,total_cost,wan,58591077.65
762,MI,min,total_state_funding,overall,2846004.797
763,MI,min,total_state_funding,wan,2626722.285
764,MI,max,total_state_funding,overall,7045535.547
765,MI,max,total_state_funding,wan,6630580.809
766,MI,az,total_state_funding,wan,3600536.385
767,MI,az_pop,total_state_funding,wan,5656766.71
768,MI,min,total_erate_funding,overall,24054141.09
769,MI,min,total_erate_funding,wan,22085961.76
770,MI,max,total_erate_funding,overall,61383331.97
771,MI,max,total_erate_funding,wan,57693405.73
772,MI,az,total_erate_funding,wan,30631865.91
773,MI,az_pop,total_erate_funding,wan,49147501.57
774,MI,min,total_district_funding,overall,2294679.547
775,MI,min,total_district_funding,wan,2191740.943
776,MI,max,total_district_funding,overall,4503119.694
777,MI,max,total_district_funding,wan,4367220.95
778,MI,az,total_district_funding,wan,2772152.37
779,MI,az_pop,total_district_funding,wan,3786809.522
780,MI,min,build_distance,overall,309.3559707
781,MI,min,build_distance,wan,274.2909185
782,MI,max,build_distance,overall,1071.188227
783,MI,max,build_distance,wan,1038.402608
784,MI,az,build_distance,wan,449.3149147
785,MI,az_pop,build_distance,wan,863.3786113
786,MI,min,total_cost_per_mile,overall,94372.9162
787,MI,max,total_cost_per_mile,overall,68085.12773
788,MI,min,miles_per_build,overall,0.963465225
789,MI,max,miles_per_build,overall,2.106943091
790,MI,min,builds,overall,321.086805
791,MI,min,builds,wan,310.4270539
792,MI,min,builds,ia,10.65975104
793,MI,max,builds,overall,508.4087137
794,MI,max,builds,wan,498.4419087
795,MI,max,builds,ia,9.966804979
796,MI,az,builds,wan,182.4029876
797,MI,az_pop,builds,wan,539.2459751
798,MN,min,total_cost,overall,15433555.97
799,MN,min,total_cost,wan,15330011.46
800,MN,max,total_cost,overall,33188243.58
801,MN,max,total_cost,wan,33083150.16
802,MN,az,total_cost,wan,28227262.47
803,MN,az_pop,total_cost,wan,20185899.15
804,MN,min,total_state_funding,overall,1536355.297
805,MN,min,total_state_funding,wan,1527697.587
806,MN,max,total_state_funding,overall,3308934.38
807,MN,max,total_state_funding,wan,3300147.161
808,MN,az,total_state_funding,wan,2817422.731
809,MN,az_pop,total_state_funding,wan,2010422.017
810,MN,min,total_erate_funding,overall,10923445.71
811,MN,min,total_erate_funding,wan,10828558.9
812,MN,max,total_erate_funding,overall,24786239.98
813,MN,max,total_erate_funding,wan,24689933.77
814,MN,az,total_erate_funding,wan,21068642.89
815,MN,az_pop,total_erate_funding,wan,14449849.78
816,MN,min,total_district_funding,overall,2973754.972
817,MN,min,total_district_funding,wan,2973754.972
818,MN,max,total_district_funding,overall,5093069.252
819,MN,max,total_district_funding,wan,5093069.252
820,MN,az,total_district_funding,wan,4341196.85
821,MN,az_pop,total_district_funding,wan,3725627.375
822,MN,min,build_distance,overall,127.7877293
823,MN,min,build_distance,wan,127.3315602
824,MN,max,build_distance,overall,380.7849126
825,MN,max,build_distance,wan,380.3219197
826,MN,az,build_distance,wan,342.901954
827,MN,az_pop,build_distance,wan,164.751526
828,MN,min,total_cost_per_mile,overall,120774.9449
829,MN,max,total_cost_per_mile,overall,87157.45421
830,MN,min,miles_per_build,overall,1.031691495
831,MN,max,miles_per_build,overall,2.704627784
832,MN,min,builds,overall,123.8623464
833,MN,min,builds,wan,121.7282682
834,MN,min,builds,ia,2.134078212
835,MN,max,builds,overall,140.7901357
836,MN,max,builds,wan,138.6241341
837,MN,max,builds,ia,2.166001596
838,MN,az,builds,wan,81.78413408
839,MN,az_pop,builds,wan,173.5682682
840,MO,min,total_cost,overall,13344309.2
841,MO,min,total_cost,wan,13269187.95
842,MO,max,total_cost,overall,46413315.46
843,MO,max,total_cost,wan,46270315.69
844,MO,az,total_cost,wan,19321273
845,MO,az_pop,total_cost,wan,40218230.64
846,MO,min,total_state_funding,overall,1303560.162
847,MO,min,total_state_funding,wan,1299804.101
848,MO,max,total_state_funding,overall,4373168.039
849,MO,max,total_state_funding,wan,4366018.054
850,MO,az,total_state_funding,wan,1888509.385
851,MO,az_pop,total_state_funding,wan,3777312.77
852,MO,min,total_erate_funding,overall,11462863.53
853,MO,min,total_erate_funding,wan,11391498.34
854,MO,max,total_erate_funding,overall,40700171.83
855,MO,max,total_erate_funding,wan,40564322.05
856,MO,az,total_erate_funding,wan,16495053.87
857,MO,az_pop,total_erate_funding,wan,35460766.52
858,MO,min,total_district_funding,overall,577885.5047
859,MO,min,total_district_funding,wan,577885.5047
860,MO,max,total_district_funding,overall,1339975.532
861,MO,max,total_district_funding,wan,1339975.532
862,MO,az,total_district_funding,wan,937709.7707
863,MO,az_pop,total_district_funding,wan,980151.2662
864,MO,min,build_distance,overall,143.1387786
865,MO,min,build_distance,wan,142.8424919
866,MO,max,build_distance,overall,1006.542704
867,MO,max,build_distance,wan,1006.255301
868,MO,az,build_distance,wan,252.2956622
869,MO,az_pop,build_distance,wan,896.802131
870,MO,min,total_cost_per_mile,overall,93226.37327
871,MO,max,total_cost_per_mile,overall,46111.62075
872,MO,min,miles_per_build,overall,1.028289311
873,MO,max,miles_per_build,overall,4.480168777
874,MO,min,builds,overall,139.2008816
875,MO,min,builds,wan,138.1297229
876,MO,min,builds,ia,1.07115869
877,MO,max,builds,overall,224.6662469
878,MO,max,builds,wan,223.627204
879,MO,max,builds,ia,1.039042821
880,MO,az,builds,wan,84.58564232
881,MO,az_pop,builds,wan,241.1712846
882,MS,min,total_cost,overall,4578789.242
883,MS,min,total_cost,wan,3936287.772
884,MS,max,total_cost,overall,10643244.07
885,MS,max,total_cost,wan,10000742.6
886,MS,az,total_cost,wan,9092266.503
887,MS,az_pop,total_cost,wan,4844763.873
888,MS,min,total_state_funding,overall,292879.4307
889,MS,min,total_state_funding,wan,249398.8207
890,MS,max,total_state_funding,overall,618656.8935
891,MS,max,total_state_funding,wan,575176.2835
892,MS,az,total_state_funding,wan,511791.5717
893,MS,az_pop,total_state_funding,wan,312783.5325
894,MS,min,total_erate_funding,overall,4270857.293
895,MS,min,total_erate_funding,wan,3671836.433
896,MS,max,total_erate_funding,overall,10004611.86
897,MS,max,total_erate_funding,wan,9405590.999
898,MS,az,total_erate_funding,wan,8565422.424
899,MS,az_pop,total_erate_funding,wan,4512005.008
900,MS,min,total_district_funding,overall,15052.49722
901,MS,min,total_district_funding,wan,15052.49722
902,MS,max,total_district_funding,overall,19975.34392
903,MS,max,total_district_funding,wan,19975.34392
904,MS,az,total_district_funding,wan,15052.49722
905,MS,az_pop,total_district_funding,wan,19975.34392
906,MS,min,build_distance,overall,56.26109463
907,MS,min,build_distance,wan,56.26109463
908,MS,max,build_distance,overall,195.1961532
909,MS,max,build_distance,wan,195.1961532
910,MS,az,build_distance,wan,151.590223
911,MS,az_pop,build_distance,wan,99.86702484
912,MS,min,total_cost_per_mile,overall,81384.64551
913,MS,max,total_cost_per_mile,overall,54525.89048
914,MS,min,miles_per_build,overall,1.894422297
915,MS,max,miles_per_build,overall,5.70642744
916,MS,min,builds,overall,29.69828571
917,MS,min,builds,wan,29.69828571
918,MS,min,builds,ia,0
919,MS,max,builds,overall,34.20636735
920,MS,max,builds,wan,34.20636735
921,MS,max,builds,ia,0
922,MS,az,builds,wan,16.30155102
923,MS,az_pop,builds,wan,42.60310204
924,MT,min,total_cost,overall,46065649.66
925,MT,min,total_cost,wan,23662263.21
926,MT,max,total_cost,overall,161882999.7
927,MT,max,total_cost,wan,118077579.7
928,MT,az,total_cost,wan,32762522.3
929,MT,az_pop,total_cost,wan,108977320.6
930,MT,min,total_state_funding,overall,4187680.281
931,MT,min,total_state_funding,wan,2077554.111
932,MT,max,total_state_funding,overall,15465202.55
933,MT,max,total_state_funding,wan,11230812.67
934,MT,az,total_state_funding,wan,2782668.686
935,MT,az_pop,total_state_funding,wan,10525698.09
936,MT,min,total_erate_funding,overall,39242341.93
937,MT,min,total_erate_funding,wan,20357917.01
938,MT,max,total_erate_funding,overall,135461270.3
939,MT,max,total_erate_funding,wan,98754140.14
940,MT,az,total_erate_funding,wan,28429435.55
941,MT,az_pop,total_erate_funding,wan,90682621.6
942,MT,min,total_district_funding,overall,2635627.419
943,MT,min,total_district_funding,wan,1226792.074
944,MT,max,total_district_funding,overall,10956526.79
945,MT,max,total_district_funding,wan,8092626.85
946,MT,az,total_district_funding,wan,1550418.036
947,MT,az_pop,total_district_funding,wan,7769000.888
948,MT,min,build_distance,overall,838.6132205
949,MT,min,build_distance,wan,358.89102
950,MT,max,build_distance,overall,4703.084126
951,MT,max,build_distance,wan,4285.934387
952,MT,az,build_distance,wan,552.243938
953,MT,az_pop,build_distance,wan,4092.581469
954,MT,min,total_cost_per_mile,overall,54930.74582
955,MT,max,total_cost_per_mile,overall,34420.60472
956,MT,min,miles_per_build,overall,3.030975298
957,MT,max,miles_per_build,overall,9.778511577
958,MT,min,builds,overall,276.6809816
959,MT,min,builds,wan,242.5807771
960,MT,min,builds,ia,34.1002045
961,MT,max,builds,overall,480.9611452
962,MT,max,builds,wan,451.3087935
963,MT,max,builds,ia,29.65235174
964,MT,az,builds,wan,163.2965235
965,MT,az_pop,builds,wan,462.593047
966,NC,min,total_cost,overall,1213613.259
967,NC,min,total_cost,wan,1213613.259
968,NC,max,total_cost,overall,3779876.099
969,NC,max,total_cost,wan,3779876.099
970,NC,az,total_cost,wan,3695416.026
971,NC,az_pop,total_cost,wan,1298073.332
972,NC,min,total_state_funding,overall,119636.011
973,NC,min,total_state_funding,wan,119636.011
974,NC,max,total_state_funding,overall,375713.5952
975,NC,max,total_state_funding,wan,375713.5952
976,NC,az,total_state_funding,wan,367816.2988
977,NC,az_pop,total_state_funding,wan,127533.3073
978,NC,min,total_erate_funding,overall,1055982.701
979,NC,min,total_erate_funding,wan,1055982.701
980,NC,max,total_erate_funding,overall,3236568.31
981,NC,max,total_erate_funding,wan,3236568.31
982,NC,az,total_erate_funding,wan,3171908.234
983,NC,az_pop,total_erate_funding,wan,1120642.777
984,NC,min,total_district_funding,overall,37994.51628
985,NC,min,total_district_funding,wan,37994.51628
986,NC,max,total_district_funding,overall,167594.1936
987,NC,max,total_district_funding,wan,167594.1936
988,NC,az,total_district_funding,wan,155691.4825
989,NC,az_pop,total_district_funding,wan,49897.22741
990,NC,min,build_distance,overall,18.77605865
991,NC,min,build_distance,wan,18.77605865
992,NC,max,build_distance,overall,78.9364049
993,NC,max,build_distance,wan,78.9364049
994,NC,az,build_distance,wan,77.96363393
995,NC,az_pop,build_distance,wan,19.74882962
996,NC,min,total_cost_per_mile,overall,64636.2094
997,NC,max,total_cost_per_mile,overall,47885.08045
998,NC,min,miles_per_build,overall,2.786296811
999,NC,max,miles_per_build,overall,17.20798157
1000,NC,min,builds,overall,6.738714473
1001,NC,min,builds,wan,6.738714473
1002,NC,min,builds,ia,0
1003,NC,max,builds,overall,4.587197202
1004,NC,max,builds,wan,4.587197202
1005,NC,max,builds,ia,0
1006,NC,az,builds,wan,3.775303892
1007,NC,az_pop,builds,wan,7.550607783
1008,ND,min,total_cost,overall,5242472.835
1009,ND,min,total_cost,wan,5242472.835
1010,ND,max,total_cost,overall,66772956.96
1011,ND,max,total_cost,wan,66772956.96
1012,ND,az,total_cost,wan,5707795.575
1013,ND,az_pop,total_cost,wan,66307634.22
1014,ND,min,total_state_funding,overall,497623.2764
1015,ND,min,total_state_funding,wan,497623.2764
1016,ND,max,total_state_funding,overall,6391153.136
1017,ND,max,total_state_funding,wan,6391153.136
1018,ND,az,total_state_funding,wan,544155.5618
1019,ND,az_pop,total_state_funding,wan,6344620.851
1020,ND,min,total_erate_funding,overall,4000394.286
1021,ND,min,total_erate_funding,wan,4000394.286
1022,ND,max,total_erate_funding,overall,50178957.33
1023,ND,max,total_erate_funding,wan,50178957.33
1024,ND,az,total_erate_funding,wan,4325542.345
1025,ND,az_pop,total_erate_funding,wan,49853809.27
1026,ND,min,total_district_funding,overall,744455.2507
1027,ND,min,total_district_funding,wan,744455.2507
1028,ND,max,total_district_funding,overall,10202846.49
1029,ND,max,total_district_funding,wan,10202846.49
1030,ND,az,total_district_funding,wan,838097.6458
1031,ND,az_pop,total_district_funding,wan,10109204.09
1032,ND,min,build_distance,overall,85.13954686
1033,ND,min,build_distance,wan,85.13954686
1034,ND,max,build_distance,overall,2021.314127
1035,ND,max,build_distance,wan,2021.314127
1036,ND,az,build_distance,wan,98.84226924
1037,ND,az_pop,build_distance,wan,2007.611404
1038,ND,min,total_cost_per_mile,overall,61575.06152
1039,ND,max,total_cost_per_mile,overall,33034.42848
1040,ND,min,miles_per_build,overall,0.985911174
1041,ND,max,miles_per_build,overall,12.05510711
1042,ND,min,builds,overall,86.35620438
1043,ND,min,builds,wan,86.35620438
1044,ND,min,builds,ia,0
1045,ND,max,builds,overall,167.6728467
1046,ND,max,builds,wan,167.6728467
1047,ND,max,builds,ia,0
1048,ND,az,builds,wan,44.67635036
1049,ND,az_pop,builds,wan,169.3527007
1050,NE,min,total_cost,overall,7672687.403
1051,NE,min,total_cost,wan,7672687.403
1052,NE,max,total_cost,overall,19101760.14
1053,NE,max,total_cost,wan,19101760.14
1054,NE,az,total_cost,wan,17424781.76
1055,NE,az_pop,total_cost,wan,9349665.786
1056,NE,min,total_state_funding,overall,757121.5098
1057,NE,min,total_state_funding,wan,757121.5098
1058,NE,max,total_state_funding,overall,1895366.465
1059,NE,max,total_state_funding,wan,1895366.465
1060,NE,az,total_state_funding,wan,1731407.94
1061,NE,az_pop,total_state_funding,wan,921080.0345
1062,NE,min,total_erate_funding,overall,6185234.958
1063,NE,min,total_erate_funding,wan,6185234.958
1064,NE,max,total_erate_funding,overall,15278523.1
1065,NE,max,total_erate_funding,wan,15278523.1
1066,NE,az,total_erate_funding,wan,13914094.59
1067,NE,az_pop,total_erate_funding,wan,7549663.467
1068,NE,min,total_district_funding,overall,730330.9149
1069,NE,min,total_district_funding,wan,730330.9149
1070,NE,max,total_district_funding,overall,1927870.587
1071,NE,max,total_district_funding,wan,1927870.587
1072,NE,az,total_district_funding,wan,1779279.216
1073,NE,az_pop,total_district_funding,wan,878922.2863
1074,NE,min,build_distance,overall,112.5493674
1075,NE,min,build_distance,wan,112.5493674
1076,NE,max,build_distance,overall,338.7462403
1077,NE,max,build_distance,wan,338.7462403
1078,NE,az,build_distance,wan,319.1900835
1079,NE,az_pop,build_distance,wan,132.1055242
1080,NE,min,total_cost_per_mile,overall,68171.7506
1081,NE,max,total_cost_per_mile,overall,56389.58569
1082,NE,min,miles_per_build,overall,2.179645343
1083,NE,max,miles_per_build,overall,6.543515518
1084,NE,min,builds,overall,51.63655076
1085,NE,min,builds,wan,51.63655076
1086,NE,min,builds,ia,0
1087,NE,max,builds,overall,51.76823366
1088,NE,max,builds,wan,51.76823366
1089,NE,max,builds,ia,0
1090,NE,az,builds,wan,30.46826147
1091,NE,az_pop,builds,wan,68.93652295
1092,NH,min,total_cost,overall,25127268.46
1093,NH,min,total_cost,wan,25127268.46
1094,NH,max,total_cost,overall,58393234.37
1095,NH,max,total_cost,wan,58393234.37
1096,NH,az,total_cost,wan,47163689.45
1097,NH,az_pop,total_cost,wan,36356813.38
1098,NH,min,total_state_funding,overall,2512726.882
1099,NH,min,total_state_funding,wan,2512726.882
1100,NH,max,total_state_funding,overall,5839323.503
1101,NH,max,total_state_funding,wan,5839323.503
1102,NH,az,total_state_funding,wan,4716368.965
1103,NH,az_pop,total_state_funding,wan,3635681.42
1104,NH,min,total_erate_funding,overall,16775322.2
1105,NH,min,total_erate_funding,wan,16775322.2
1106,NH,max,total_erate_funding,overall,39660123.51
1107,NH,max,total_erate_funding,wan,39660123.51
1108,NH,az,total_erate_funding,wan,33108792.89
1109,NH,az_pop,total_erate_funding,wan,23326652.82
1110,NH,min,total_district_funding,overall,5839219.365
1111,NH,min,total_district_funding,wan,5839219.365
1112,NH,max,total_district_funding,overall,12893787.36
1113,NH,max,total_district_funding,wan,12893787.36
1114,NH,az,total_district_funding,wan,9338527.613
1115,NH,az_pop,total_district_funding,wan,9394479.114
1116,NH,min,build_distance,overall,305.9140236
1117,NH,min,build_distance,wan,305.9140236
1118,NH,max,build_distance,overall,853.4728682
1119,NH,max,build_distance,wan,853.4728682
1120,NH,az,build_distance,wan,694.8992467
1121,NH,az_pop,build_distance,wan,464.4876451
1122,NH,min,total_cost_per_mile,overall,82138.3347
1123,NH,max,total_cost_per_mile,overall,68418.38392
1124,NH,min,miles_per_build,overall,1.681912633
1125,NH,max,miles_per_build,overall,4.572364288
1126,NH,min,builds,overall,181.8846102
1127,NH,min,builds,wan,181.8846102
1128,NH,min,builds,ia,0
1129,NH,max,builds,overall,186.6589831
1130,NH,max,builds,wan,186.6589831
1131,NH,max,builds,ia,0
1132,NH,az,builds,wan,100.8278644
1133,NH,az_pop,builds,wan,245.6957288
1134,NJ,min,total_cost,overall,35501103.83
1135,NJ,min,total_cost,wan,32542731.84
1136,NJ,max,total_cost,overall,97527506.12
1137,NJ,max,total_cost,wan,92540418.13
1138,NJ,az,total_cost,wan,36061969.92
1139,NJ,az_pop,total_cost,wan,89021180.04
1140,NJ,min,total_state_funding,overall,3475655.105
1141,NJ,min,total_state_funding,wan,3179817.909
1142,NJ,max,total_state_funding,overall,9495244.363
1143,NJ,max,total_state_funding,wan,8996535.57
1144,NJ,az,total_state_funding,wan,3449702.085
1145,NJ,az_pop,total_state_funding,wan,8726651.395
1146,NJ,min,total_erate_funding,overall,22994929.29
1147,NJ,min,total_erate_funding,wan,21039915.88
1148,NJ,max,total_erate_funding,overall,62632213.93
1149,NJ,max,total_erate_funding,wan,59336541.88
1150,NJ,az,total_erate_funding,wan,23785181.16
1151,NJ,az_pop,total_erate_funding,wan,56591276.59
1152,NJ,min,total_district_funding,overall,9030519.494
1153,NJ,min,total_district_funding,wan,8322998.107
1154,NJ,max,total_district_funding,overall,25400047.76
1155,NJ,max,total_district_funding,wan,24207340.62
1156,NJ,az,total_district_funding,wan,8827086.713
1157,NJ,az_pop,total_district_funding,wan,23703252.01
1158,NJ,min,build_distance,overall,297.27195
1159,NJ,min,build_distance,wan,254.0729286
1160,NJ,max,build_distance,overall,1102.331627
1161,NJ,max,build_distance,wan,1061.445402
1162,NJ,az,build_distance,wan,312.637714
1163,NJ,az_pop,build_distance,wan,1002.880617
1164,NJ,min,total_cost_per_mile,overall,119422.9857
1165,NJ,max,total_cost_per_mile,overall,88473.83468
1166,NJ,min,miles_per_build,overall,1.045161528
1167,NJ,max,miles_per_build,overall,2.204002608
1168,NJ,min,builds,overall,284.426801
1169,NJ,min,builds,wan,274.9582872
1170,NJ,min,builds,ia,9.468513854
1171,NJ,max,builds,overall,500.1498741
1172,NJ,max,builds,wan,491.1882872
1173,NJ,max,builds,ia,8.961586902
1174,NJ,az,builds,wan,208.4221914
1175,NJ,az_pop,builds,wan,510.7643829
1176,NM,min,total_cost,overall,5487101.226
1177,NM,min,total_cost,wan,2487343.616
1178,NM,max,total_cost,overall,9230904.932
1179,NM,max,total_cost,wan,6231147.322
1180,NM,az,total_cost,wan,5031296.156
1181,NM,az_pop,total_cost,wan,3687194.782
1182,NM,min,total_state_funding,overall,413096.1139
1183,NM,min,total_state_funding,wan,241572.3039
1184,NM,max,total_state_funding,overall,692333.8229
1185,NM,max,total_state_funding,wan,520810.0129
1186,NM,az,total_state_funding,wan,401943.2121
1187,NM,az_pop,total_state_funding,wan,360439.1047
1188,NM,min,total_erate_funding,overall,5065600.121
1189,NM,min,total_erate_funding,wan,2237366.341
1190,NM,max,total_erate_funding,overall,8516031.767
1191,NM,max,total_erate_funding,wan,5687797.987
1192,NM,az,total_erate_funding,wan,4620948.015
1193,NM,az_pop,total_erate_funding,wan,3304216.314
1194,NM,min,total_district_funding,overall,8404.949864
1195,NM,min,total_district_funding,wan,8404.949864
1196,NM,max,total_district_funding,overall,22539.33225
1197,NM,max,total_district_funding,wan,22539.33225
1198,NM,az,total_district_funding,wan,8404.949864
1199,NM,az_pop,total_district_funding,wan,22539.33225
1200,NM,min,build_distance,overall,25.10029887
1201,NM,min,build_distance,wan,25.10029887
1202,NM,max,build_distance,overall,227.2143439
1203,NM,max,build_distance,wan,227.2143439
1204,NM,az,build_distance,wan,85.22721817
1205,NM,az_pop,build_distance,wan,167.0874245
1206,NM,min,total_cost_per_mile,overall,218607.0076
1207,NM,max,total_cost_per_mile,overall,40626.4181
1208,NM,min,miles_per_build,overall,0.953484393
1209,NM,max,miles_per_build,overall,5.258708239
1210,NM,min,builds,overall,26.32481356
1211,NM,min,builds,wan,26.32481356
1212,NM,min,builds,ia,0
1213,NM,max,builds,overall,43.20725424
1214,NM,max,builds,wan,43.20725424
1215,NM,max,builds,ia,0
1216,NM,az,builds,wan,18.17735593
1217,NM,az_pop,builds,wan,46.35471186
1218,NV,min,total_cost,overall,28964541.45
1219,NV,min,total_cost,wan,28964541.45
1220,NV,max,total_cost,overall,212928038.5
1221,NV,max,total_cost,wan,212928038.5
1222,NV,az,total_cost,wan,212512600.8
1223,NV,az_pop,total_cost,wan,29379979.11
1224,NV,min,total_state_funding,overall,2896454.118
1225,NV,min,total_state_funding,wan,2896454.118
1226,NV,max,total_state_funding,overall,21292803.86
1227,NV,max,total_state_funding,wan,21292803.86
1228,NV,az,total_state_funding,wan,21251260.08
1229,NV,az_pop,total_state_funding,wan,2937997.895
1230,NV,min,total_erate_funding,overall,25595139.06
1231,NV,min,total_erate_funding,wan,25595139.06
1232,NV,max,total_erate_funding,overall,184413373.7
1233,NV,max,total_erate_funding,wan,184413373.7
1234,NV,az,total_erate_funding,wan,184086887.9
1235,NV,az_pop,total_erate_funding,wan,25921624.89
1236,NV,min,total_district_funding,overall,472948.2388
1237,NV,min,total_district_funding,wan,472948.2388
1238,NV,max,total_district_funding,overall,7221860.899
1239,NV,max,total_district_funding,wan,7221860.899
1240,NV,az,total_district_funding,wan,7174452.842
1241,NV,az_pop,total_district_funding,wan,520356.2959
1242,NV,min,build_distance,overall,416.3269744
1243,NV,min,build_distance,wan,416.3269744
1244,NV,max,build_distance,overall,2877.358062
1245,NV,max,build_distance,wan,2877.358062
1246,NV,az,build_distance,wan,2873.3808
1247,NV,az_pop,build_distance,wan,420.3042361
1248,NV,min,total_cost_per_mile,overall,69571.61853
1249,NV,max,total_cost_per_mile,overall,74001.23096
1250,NV,min,miles_per_build,overall,6.514122418
1251,NV,max,miles_per_build,overall,75.36126302
1252,NV,min,builds,overall,63.91144465
1253,NV,min,builds,wan,63.91144465
1254,NV,min,builds,ia,0
1255,NV,max,builds,overall,38.18086304
1256,NV,max,builds,wan,38.18086304
1257,NV,max,builds,ia,0
1258,NV,az,builds,wan,34.03076923
1259,NV,az_pop,builds,wan,68.06153846
1260,NY,min,total_cost,overall,14218607.85
1261,NY,min,total_cost,wan,13447892.98
1262,NY,max,total_cost,overall,36980940.8
1263,NY,max,total_cost,wan,35873170.31
1264,NY,az,total_cost,wan,22105499.34
1265,NY,az_pop,total_cost,wan,27215563.95
1266,NY,min,total_state_funding,overall,1319409.727
1267,NY,min,total_state_funding,wan,1270885.758
1268,NY,max,total_state_funding,overall,3286158.645
1269,NY,max,total_state_funding,wan,3203536.52
1270,NY,az,total_state_funding,wan,1862857.513
1271,NY,az_pop,total_state_funding,wan,2611564.765
1272,NY,min,total_erate_funding,overall,9857333.21
1273,NY,min,total_erate_funding,wan,9255001.048
1274,NY,max,total_erate_funding,overall,27469490.78
1275,NY,max,total_erate_funding,wan,26583412.09
1276,NY,az,total_erate_funding,wan,16751518.47
1277,NY,az_pop,total_erate_funding,wan,19086894.67
1278,NY,min,total_district_funding,overall,3041864.881
1279,NY,min,total_district_funding,wan,2922006.145
1280,NY,max,total_district_funding,overall,6225291.406
1281,NY,max,total_district_funding,wan,6086221.722
1282,NY,az,total_district_funding,wan,3491123.307
1283,NY,az_pop,total_district_funding,wan,5517104.56
1284,NY,min,build_distance,overall,111.9465328
1285,NY,min,build_distance,wan,104.6266397
1286,NY,max,build_distance,overall,416.7132953
1287,NY,max,build_distance,wan,409.4940686
1288,NY,az,build_distance,wan,234.7751936
1289,NY,az_pop,build_distance,wan,279.3455148
1290,NY,min,total_cost_per_mile,overall,127012.4897
1291,NY,max,total_cost_per_mile,overall,88744.32667
1292,NY,min,miles_per_build,overall,1.070531948
1293,NY,max,miles_per_build,overall,2.660401605
1294,NY,min,builds,overall,104.5709407
1295,NY,min,builds,wan,101.1334105
1296,NY,min,builds,ia,3.43753015
1297,NY,max,builds,overall,156.6354848
1298,NY,max,builds,wan,153.2452291
1299,NY,max,builds,ia,3.390255668
1300,NY,az,builds,wan,70.77287988
1301,NY,az_pop,builds,wan,169.5857598
1302,OH,min,total_cost,overall,8992546.599
1303,OH,min,total_cost,wan,8992546.599
1304,OH,max,total_cost,overall,17546466.47
1305,OH,max,total_cost,wan,17546466.47
1306,OH,az,total_cost,wan,10706245.36
1307,OH,az_pop,total_cost,wan,15832767.71
1308,OH,min,total_state_funding,overall,878748.6754
1309,OH,min,total_state_funding,wan,878748.6754
1310,OH,max,total_state_funding,overall,1679299.654
1311,OH,max,total_state_funding,wan,1679299.654
1312,OH,az,total_state_funding,wan,1035840.432
1313,OH,az_pop,total_state_funding,wan,1522207.897
1314,OH,min,total_erate_funding,overall,6614647.085
1315,OH,min,total_erate_funding,wan,6614647.085
1316,OH,max,total_erate_funding,overall,13314040.97
1317,OH,max,total_erate_funding,wan,13314040.97
1318,OH,az,total_erate_funding,wan,7992470.869
1319,OH,az_pop,total_erate_funding,wan,11936217.18
1320,OH,min,total_district_funding,overall,1499150.829
1321,OH,min,total_district_funding,wan,1499150.829
1322,OH,max,total_district_funding,overall,2553125.789
1323,OH,max,total_district_funding,wan,2553125.789
1324,OH,az,total_district_funding,wan,1677934.058
1325,OH,az_pop,total_district_funding,wan,2374342.56
1326,OH,min,build_distance,overall,100.1442293
1327,OH,min,build_distance,wan,100.1442293
1328,OH,max,build_distance,overall,219.3397763
1329,OH,max,build_distance,wan,219.3397763
1330,OH,az,build_distance,wan,129.6789047
1331,OH,az_pop,build_distance,wan,189.8051009
1332,OH,min,total_cost_per_mile,overall,89795.95389
1333,OH,max,total_cost_per_mile,overall,79996.73731
1334,OH,min,miles_per_build,overall,1.679617253
1335,OH,max,miles_per_build,overall,2.1160051
1336,OH,min,builds,overall,59.62324401
1337,OH,min,builds,wan,59.62324401
1338,OH,min,builds,ia,0
1339,OH,max,builds,overall,103.6574894
1340,OH,max,builds,wan,103.6574894
1341,OH,max,builds,ia,0
1342,OH,az,builds,wan,45.06691114
1343,OH,az_pop,builds,wan,108.8538223
1344,OK,min,total_cost,overall,3399300.333
1345,OK,min,total_cost,wan,2640703.971
1346,OK,max,total_cost,overall,11441337.63
1347,OK,max,total_cost,wan,10019416.03
1348,OK,az,total_cost,wan,3724340.331
1349,OK,az_pop,total_cost,wan,8935779.671
1350,OK,min,total_state_funding,overall,211483.3406
1351,OK,min,total_state_funding,wan,173553.5247
1352,OK,max,total_state_funding,overall,720469.4718
1353,OK,max,total_state_funding,wan,649373.3961
1354,OK,az,total_state_funding,wan,227735.3447
1355,OK,az_pop,total_state_funding,wan,595191.5761
1356,OK,min,total_erate_funding,overall,3180054.267
1357,OK,min,total_erate_funding,wan,2459387.721
1358,OK,max,total_erate_funding,overall,10664741.36
1359,OK,max,total_erate_funding,wan,9313915.842
1360,OK,az,total_erate_funding,wan,3488842.271
1361,OK,az_pop,total_erate_funding,wan,8284461.292
1362,OK,min,total_district_funding,overall,7762.684911
1363,OK,min,total_district_funding,wan,7762.684911
1364,OK,max,total_district_funding,overall,56126.78392
1365,OK,max,total_district_funding,wan,56126.78392
1366,OK,az,total_district_funding,wan,7762.684911
1367,OK,az_pop,total_district_funding,wan,56126.78392
1368,OK,min,build_distance,overall,42.42352151
1369,OK,min,build_distance,wan,26.92103172
1370,OK,max,build_distance,overall,257.9823918
1371,OK,max,build_distance,wan,243.2465086
1372,OK,az,build_distance,wan,44.79603908
1373,OK,az_pop,build_distance,wan,225.3715013
1374,OK,min,total_cost_per_mile,overall,80127.7266
1375,OK,max,total_cost_per_mile,overall,44349.29666
1376,OK,min,miles_per_build,overall,0.996011461
1377,OK,max,miles_per_build,overall,3.354126055
1378,OK,min,builds,overall,42.59340697
1379,OK,min,builds,wan,40.42858114
1380,OK,min,builds,ia,2.164825828
1381,OK,max,builds,overall,76.91493628
1382,OK,max,builds,wan,74.85716228
1383,OK,max,builds,ia,2.057774002
1384,OK,az,builds,wan,30.40858114
1385,OK,az_pop,builds,wan,76.85716228
1386,OR,min,total_cost,overall,33646928.5
1387,OR,min,total_cost,wan,15622444.87
1388,OR,max,total_cost,overall,78570945.43
1389,OR,max,total_cost,wan,45630246.54
1390,OR,az,total_cost,wan,27682425.77
1391,OR,az_pop,total_cost,wan,33570265.63
1392,OR,min,total_state_funding,overall,2947978.819
1393,OR,min,total_state_funding,wan,1451624.199
1394,OR,max,total_state_funding,overall,6931998.94
1395,OR,max,total_state_funding,wan,4197331.585
1396,OR,az,total_state_funding,wan,2429324.22
1397,OR,az_pop,total_state_funding,wan,3219631.564
1398,OR,min,total_erate_funding,overall,28626073.65
1399,OR,min,total_erate_funding,wan,13018421.23
1400,OR,max,total_erate_funding,overall,67359888.23
1401,OR,max,total_erate_funding,wan,38836076.44
1402,OR,az,total_erate_funding,wan,23373020.17
1403,OR,az_pop,total_erate_funding,wan,28481477.5
1404,OR,min,total_district_funding,overall,2072876.051
1405,OR,min,total_district_funding,wan,1152399.448
1406,OR,max,total_district_funding,overall,4279058.3
1407,OR,max,total_district_funding,wan,2596838.535
1408,OR,az,total_district_funding,wan,1880081.436
1409,OR,az_pop,total_district_funding,wan,1869156.547
1410,OR,min,build_distance,overall,580.2310657
1411,OR,min,build_distance,wan,228.8357631
1412,OR,max,build_distance,overall,1764.261343
1413,OR,max,build_distance,wan,1420.313725
1414,OR,az,build_distance,wan,356.1268636
1415,OR,az_pop,build_distance,wan,1293.022625
1416,OR,min,total_cost_per_mile,overall,57988.84356
1417,OR,max,total_cost_per_mile,overall,44534.7543
1418,OR,min,miles_per_build,overall,5.316216571
1419,OR,max,miles_per_build,overall,11.47033756
1420,OR,min,builds,overall,109.1436095
1421,OR,min,builds,wan,99.71795687
1422,OR,min,builds,ia,9.425652667
1423,OR,max,builds,overall,153.8107605
1424,OR,max,builds,wan,144.5848808
1425,OR,max,builds,ia,9.225879682
1426,OR,az,builds,wan,66.43427923
1427,OR,az_pop,builds,wan,162.8685585
1428,PA,min,total_cost,overall,20003514.93
1429,PA,min,total_cost,wan,19854287.7
1430,PA,max,total_cost,overall,33612960.62
1431,PA,max,total_cost,wan,33348844.34
1432,PA,az,total_cost,wan,23508266.7
1433,PA,az_pop,total_cost,wan,29694865.34
1434,PA,min,total_state_funding,overall,1898624.946
1435,PA,min,total_state_funding,wan,1883702.219
1436,PA,max,total_state_funding,overall,3168047.456
1437,PA,max,total_state_funding,wan,3141635.82
1438,PA,az,total_state_funding,wan,2245083.422
1439,PA,az_pop,total_state_funding,wan,2780254.616
1440,PA,min,total_erate_funding,overall,15143374.92
1441,PA,min,total_erate_funding,wan,15023993.13
1442,PA,max,total_erate_funding,overall,25738072.34
1443,PA,max,total_erate_funding,wan,25526779.32
1444,PA,az,total_erate_funding,wan,17884201.85
1445,PA,az_pop,total_erate_funding,wan,22666570.61
1446,PA,min,total_district_funding,overall,2961514.987
1447,PA,min,total_district_funding,wan,2946592.272
1448,PA,max,total_district_funding,overall,4706840.857
1449,PA,max,total_district_funding,wan,4680429.243
1450,PA,az,total_district_funding,wan,3378981.395
1451,PA,az_pop,total_district_funding,wan,4248040.12
1452,PA,min,build_distance,overall,233.0921882
1453,PA,min,build_distance,wan,231.5303484
1454,PA,max,build_distance,overall,409.9937769
1455,PA,max,build_distance,wan,408.4543589
1456,PA,az,build_distance,wan,302.7123703
1457,PA,az_pop,build_distance,wan,337.272337
1458,PA,min,total_cost_per_mile,overall,85818.04083
1459,PA,max,total_cost_per_mile,overall,81984.07516
1460,PA,min,miles_per_build,overall,1.896971738
1461,PA,max,miles_per_build,overall,2.160762668
1462,PA,min,builds,overall,122.8759414
1463,PA,min,builds,wan,121.6008368
1464,PA,min,builds,ia,1.275104603
1465,PA,max,builds,overall,189.7449372
1466,PA,max,builds,wan,188.4881381
1467,PA,max,builds,ia,1.256799163
1468,PA,az,builds,wan,88.00299163
1469,PA,az_pop,builds,wan,206.7259833
1470,RI,min,total_cost,overall,116177.17
1471,RI,min,total_cost,wan,116177.17
1472,RI,max,total_cost,overall,207803.95
1473,RI,max,total_cost,wan,207803.95
1474,RI,az,total_cost,wan,116177.17
1475,RI,az_pop,total_cost,wan,207803.95
1476,RI,min,total_state_funding,overall,11617.72
1477,RI,min,total_state_funding,wan,11617.72
1478,RI,max,total_state_funding,overall,20780.4
1479,RI,max,total_state_funding,wan,20780.4
1480,RI,az,total_state_funding,wan,11617.72
1481,RI,az_pop,total_state_funding,wan,20780.4
1482,RI,min,total_erate_funding,overall,69706.3
1483,RI,min,total_erate_funding,wan,69706.3
1484,RI,max,total_erate_funding,overall,124682.38
1485,RI,max,total_erate_funding,wan,124682.38
1486,RI,az,total_erate_funding,wan,69706.3
1487,RI,az_pop,total_erate_funding,wan,124682.38
1488,RI,min,total_district_funding,overall,34853.15
1489,RI,min,total_district_funding,wan,34853.15
1490,RI,max,total_district_funding,overall,62341.17
1491,RI,max,total_district_funding,wan,62341.17
1492,RI,az,total_district_funding,wan,34853.15
1493,RI,az_pop,total_district_funding,wan,62341.17
1494,RI,min,build_distance,overall,0.765342661
1495,RI,min,build_distance,wan,0.765342661
1496,RI,max,build_distance,overall,1.210754555
1497,RI,max,build_distance,wan,1.210754555
1498,RI,az,build_distance,wan,0.765342661
1499,RI,az_pop,build_distance,wan,1.210754555
1500,RI,min,total_cost_per_mile,overall,151797.5881
1501,RI,max,total_cost_per_mile,overall,171631.7722
1502,RI,min,miles_per_build,overall,0.38267133
1503,RI,max,miles_per_build,overall,0.302688639
1504,RI,min,builds,overall,2
1505,RI,min,builds,wan,2
1506,RI,min,builds,ia,0
1507,RI,max,builds,overall,4
1508,RI,max,builds,wan,4
1509,RI,max,builds,ia,0
1510,RI,az,builds,wan,1
1511,RI,az_pop,builds,wan,4
1512,SD,min,total_cost,overall,41318714.85
1513,SD,min,total_cost,wan,41318714.85
1514,SD,max,total_cost,overall,104997871.1
1515,SD,max,total_cost,wan,104997871.1
1516,SD,az,total_cost,wan,51215256.21
1517,SD,az_pop,total_cost,wan,95101329.68
1518,SD,min,total_state_funding,overall,4120375.599
1519,SD,min,total_state_funding,wan,4120375.599
1520,SD,max,total_state_funding,overall,10478893.42
1521,SD,max,total_state_funding,wan,10478893.42
1522,SD,az,total_state_funding,wan,5110029.731
1523,SD,az_pop,total_state_funding,wan,9489239.292
1524,SD,min,total_erate_funding,overall,32720818.26
1525,SD,min,total_erate_funding,wan,32720818.26
1526,SD,max,total_erate_funding,overall,81942987.95
1527,SD,max,total_erate_funding,wan,81942987.95
1528,SD,az,total_erate_funding,wan,40587575.22
1529,SD,az_pop,total_erate_funding,wan,74076230.99
1530,SD,min,total_district_funding,overall,4477520.981
1531,SD,min,total_district_funding,wan,4477520.981
1532,SD,max,total_district_funding,overall,12575989.67
1533,SD,max,total_district_funding,wan,12575989.67
1534,SD,az,total_district_funding,wan,5517651.248
1535,SD,az_pop,total_district_funding,wan,11535859.41
1536,SD,min,build_distance,overall,949.2344565
1537,SD,min,build_distance,wan,949.2344565
1538,SD,max,build_distance,overall,2784.089508
1539,SD,max,build_distance,wan,2784.089508
1540,SD,az,build_distance,wan,1048.094239
1541,SD,az_pop,build_distance,wan,2685.229725
1542,SD,min,total_cost_per_mile,overall,43528.46082
1543,SD,max,total_cost_per_mile,overall,37713.54001
1544,SD,min,miles_per_build,overall,8.915308668
1545,SD,max,miles_per_build,overall,19.81500697
1546,SD,min,builds,overall,106.4724164
1547,SD,min,builds,wan,106.4724164
1548,SD,min,builds,ia,0
1549,SD,max,builds,overall,140.5040892
1550,SD,max,builds,wan,140.5040892
1551,SD,max,builds,ia,0
1552,SD,az,builds,wan,66.50550186
1553,SD,az_pop,builds,wan,164.6510037
1554,TN,min,total_cost,overall,2683119.567
1555,TN,min,total_cost,wan,2683119.567
1556,TN,max,total_cost,overall,10385570.19
1557,TN,max,total_cost,wan,10385570.19
1558,TN,az,total_cost,wan,9994849.656
1559,TN,az_pop,total_cost,wan,3073840.101
1560,TN,min,total_state_funding,overall,160849.565
1561,TN,min,total_state_funding,wan,160849.565
1562,TN,max,total_state_funding,overall,565508.1364
1563,TN,max,total_state_funding,wan,565508.1364
1564,TN,az,total_state_funding,wan,526436.076
1565,TN,az_pop,total_state_funding,wan,199921.6255
1566,TN,min,total_erate_funding,overall,2522270.002
1567,TN,min,total_erate_funding,wan,2522270.002
1568,TN,max,total_erate_funding,overall,9820062.073
1569,TN,max,total_erate_funding,wan,9820062.073
1570,TN,az,total_erate_funding,wan,9468413.58
1571,TN,az_pop,total_erate_funding,wan,2873918.495
1572,TN,min,total_district_funding,overall,0
1573,TN,min,total_district_funding,wan,0
1574,TN,max,total_district_funding,overall,0
1575,TN,max,total_district_funding,wan,0
1576,TN,az,total_district_funding,wan,0
1577,TN,az_pop,total_district_funding,wan,0
1578,TN,min,build_distance,overall,32.43531977
1579,TN,min,build_distance,wan,32.43531977
1580,TN,max,build_distance,overall,168.4243689
1581,TN,max,build_distance,wan,168.4243689
1582,TN,az,build_distance,wan,159.4221728
1583,TN,az_pop,build_distance,wan,41.43751585
1584,TN,min,total_cost_per_mile,overall,82722.15554
1585,TN,max,total_cost_per_mile,overall,61663.10883
1586,TN,min,miles_per_build,overall,2.795089109
1587,TN,max,miles_per_build,overall,25.80238648
1588,TN,min,builds,overall,11.6043956
1589,TN,min,builds,wan,11.6043956
1590,TN,min,builds,ia,0
1591,TN,max,builds,overall,6.527472527
1592,TN,max,builds,wan,6.527472527
1593,TN,max,builds,ia,0
1594,TN,az,builds,wan,6.043956044
1595,TN,az_pop,builds,wan,12.08791209
1596,TX,min,total_cost,overall,51772641.37
1597,TX,min,total_cost,wan,40322166.59
1598,TX,max,total_cost,overall,157114377.7
1599,TX,max,total_cost,wan,135899982.3
1600,TX,az,total_cost,wan,93229623.09
1601,TX,az_pop,total_cost,wan,82992525.77
1602,TX,min,total_state_funding,overall,4851271.213
1603,TX,min,total_state_funding,wan,3769140.212
1604,TX,max,total_state_funding,overall,14714397.29
1605,TX,max,total_state_funding,wan,12709523.66
1606,TX,az,total_state_funding,wan,8918925.566
1607,TX,az_pop,total_state_funding,wan,7559738.309
1608,TX,min,total_erate_funding,overall,43941799.09
1609,TX,min,total_erate_funding,wan,33988360.87
1610,TX,max,total_erate_funding,overall,133528184.3
1611,TX,max,total_erate_funding,wan,115087361.7
1612,TX,az,total_erate_funding,wan,78640399.08
1613,TX,az_pop,total_erate_funding,wan,70435323.51
1614,TX,min,total_district_funding,overall,2979571.003
1615,TX,min,total_district_funding,wan,2564665.405
1616,TX,max,total_district_funding,overall,8871796.187
1617,TX,max,total_district_funding,wan,8103096.933
1618,TX,az,total_district_funding,wan,5670298.515
1619,TX,az_pop,total_district_funding,wan,4997463.823
1620,TX,min,build_distance,overall,655.1953977
1621,TX,min,build_distance,wan,447.5863349
1622,TX,max,build_distance,overall,3063.42754
1623,TX,max,build_distance,wan,2860.592782
1624,TX,az,build_distance,wan,1591.409227
1625,TX,az_pop,build_distance,wan,1716.769891
1626,TX,min,total_cost_per_mile,overall,79018.62796
1627,TX,max,total_cost_per_mile,overall,51287.12061
1628,TX,min,miles_per_build,overall,1.59254852
1629,TX,max,miles_per_build,overall,4.934593396
1630,TX,min,builds,overall,411.4131464
1631,TX,min,builds,wan,379.4389238
1632,TX,min,builds,ia,31.97422265
1633,TX,max,builds,overall,620.8064766
1634,TX,max,builds,wan,589.5675528
1635,TX,max,builds,ia,31.2389238
1636,TX,az,builds,wan,289.4021589
1637,TX,az_pop,builds,wan,646.0043177
1638,UT,min,total_cost,overall,9961758.75
1639,UT,min,total_cost,wan,9961758.75
1640,UT,max,total_cost,overall,36801105.14
1641,UT,max,total_cost,wan,36801105.14
1642,UT,az,total_cost,wan,34150685.14
1643,UT,az_pop,total_cost,wan,12612178.75
1644,UT,min,total_state_funding,overall,923888.67
1645,UT,min,total_state_funding,wan,923888.67
1646,UT,max,total_state_funding,overall,3198207.05
1647,UT,max,total_state_funding,wan,3198207.05
1648,UT,az,total_state_funding,wan,2933165.04
1649,UT,az_pop,total_state_funding,wan,1188930.68
1650,UT,min,total_erate_funding,overall,7596767.67
1651,UT,min,total_erate_funding,wan,7596767.67
1652,UT,max,total_erate_funding,overall,29024247.9
1653,UT,max,total_erate_funding,wan,29024247.9
1654,UT,az,total_erate_funding,wan,26793959.74
1655,UT,az_pop,total_erate_funding,wan,9827055.83
1656,UT,min,total_district_funding,overall,1441102.42
1657,UT,min,total_district_funding,wan,1441102.42
1658,UT,max,total_district_funding,overall,4578650.18
1659,UT,max,total_district_funding,wan,4578650.18
1660,UT,az,total_district_funding,wan,4423560.36
1661,UT,az_pop,total_district_funding,wan,1596192.24
1662,UT,min,build_distance,overall,144.1782617
1663,UT,min,build_distance,wan,144.1782617
1664,UT,max,build_distance,overall,600.6165491
1665,UT,max,build_distance,wan,600.6165491
1666,UT,az,build_distance,wan,537.0098131
1667,UT,az_pop,build_distance,wan,207.7849977
1668,UT,min,total_cost_per_mile,overall,69093.3476
1669,UT,max,total_cost_per_mile,overall,61272.21302
1670,UT,min,miles_per_build,overall,4.128816199
1671,UT,max,miles_per_build,overall,29.26981234
1672,UT,min,builds,overall,34.92
1673,UT,min,builds,wan,34.92
1674,UT,min,builds,ia,0
1675,UT,max,builds,overall,20.52
1676,UT,max,builds,wan,20.52
1677,UT,max,builds,ia,0
1678,UT,az,builds,wan,18.48
1679,UT,az_pop,builds,wan,36.96
1680,VA,min,total_cost,overall,4633424.43
1681,VA,min,total_cost,wan,4633424.43
1682,VA,max,total_cost,overall,11934121.21
1683,VA,max,total_cost,wan,11934121.21
1684,VA,az,total_cost,wan,11260096.12
1685,VA,az_pop,total_cost,wan,5307449.518
1686,VA,min,total_state_funding,overall,463342.442
1687,VA,min,total_state_funding,wan,463342.442
1688,VA,max,total_state_funding,overall,1193412.138
1689,VA,max,total_state_funding,wan,1193412.138
1690,VA,az,total_state_funding,wan,1126009.62
1691,VA,az_pop,total_state_funding,wan,530744.9599
1692,VA,min,total_erate_funding,overall,3506292.396
1693,VA,min,total_erate_funding,wan,3506292.396
1694,VA,max,total_erate_funding,overall,8854266.419
1695,VA,max,total_erate_funding,wan,8854266.419
1696,VA,az,total_erate_funding,wan,8336761.784
1697,VA,az_pop,total_erate_funding,wan,4023797.031
1698,VA,min,total_district_funding,overall,663789.6023
1699,VA,min,total_district_funding,wan,663789.6023
1700,VA,max,total_district_funding,overall,1886442.673
1701,VA,max,total_district_funding,wan,1886442.673
1702,VA,az,total_district_funding,wan,1797324.718
1703,VA,az_pop,total_district_funding,wan,752907.5577
1704,VA,min,build_distance,overall,67.98324121
1705,VA,min,build_distance,wan,67.98324121
1706,VA,max,build_distance,overall,207.8463271
1707,VA,max,build_distance,wan,207.8463271
1708,VA,az,build_distance,wan,198.7010546
1709,VA,az_pop,build_distance,wan,77.1285137
1710,VA,min,total_cost_per_mile,overall,68155.39165
1711,VA,max,total_cost_per_mile,overall,57418.00385
1712,VA,min,miles_per_build,overall,2.394660127
1713,VA,max,miles_per_build,overall,8.810408724
1714,VA,min,builds,overall,28.38951567
1715,VA,min,builds,wan,28.38951567
1716,VA,min,builds,ia,0
1717,VA,max,builds,overall,23.59099715
1718,VA,max,builds,wan,23.59099715
1719,VA,max,builds,ia,0
1720,VA,az,builds,wan,16.32683761
1721,VA,az_pop,builds,wan,34.65367521
1722,VT,min,total_cost,overall,11158104.4
1723,VT,min,total_cost,wan,11158104.4
1724,VT,max,total_cost,overall,22357623.07
1725,VT,max,total_cost,wan,22357623.07
1726,VT,az,total_cost,wan,21551123.46
1727,VT,az_pop,total_cost,wan,11964604.01
1728,VT,min,total_state_funding,overall,1115810.431
1729,VT,min,total_state_funding,wan,1115810.431
1730,VT,max,total_state_funding,overall,2235762.307
1731,VT,max,total_state_funding,wan,2235762.307
1732,VT,az,total_state_funding,wan,2155112.341
1733,VT,az_pop,total_state_funding,wan,1196460.397
1734,VT,min,total_erate_funding,overall,9115919.358
1735,VT,min,total_erate_funding,wan,9115919.358
1736,VT,max,total_erate_funding,overall,18251998.4
1737,VT,max,total_erate_funding,wan,18251998.4
1738,VT,az,total_erate_funding,wan,17581179.85
1739,VT,az_pop,total_erate_funding,wan,9786737.911
1740,VT,min,total_district_funding,overall,926374.5971
1741,VT,min,total_district_funding,wan,926374.5971
1742,VT,max,total_district_funding,overall,1869862.365
1743,VT,max,total_district_funding,wan,1869862.365
1744,VT,az,total_district_funding,wan,1814831.282
1745,VT,az_pop,total_district_funding,wan,981405.6804
1746,VT,min,build_distance,overall,159.534638
1747,VT,min,build_distance,wan,159.534638
1748,VT,max,build_distance,overall,416.4397302
1749,VT,max,build_distance,wan,416.4397302
1750,VT,az,build_distance,wan,409.6086355
1751,VT,az_pop,build_distance,wan,166.3657327
1752,VT,min,total_cost_per_mile,overall,69941.57844
1753,VT,max,total_cost_per_mile,overall,53687.53616
1754,VT,min,miles_per_build,overall,2.299716775
1755,VT,max,miles_per_build,overall,7.991332066
1756,VT,min,builds,overall,69.37142857
1757,VT,min,builds,wan,69.37142857
1758,VT,min,builds,ia,0
1759,VT,max,builds,overall,52.11142857
1760,VT,max,builds,wan,52.11142857
1761,VT,max,builds,ia,0
1762,VT,az,builds,wan,38.11428571
1763,VT,az_pop,builds,wan,80.98857143
1764,WA,min,total_cost,overall,17168945.57
1765,WA,min,total_cost,wan,15707469.51
1766,WA,max,total_cost,overall,53023055.63
1767,WA,max,total_cost,wan,51561579.57
1768,WA,az,total_cost,wan,43604100
1769,WA,az_pop,total_cost,wan,23664949.08
1770,WA,min,total_state_funding,overall,1539245.177
1771,WA,min,total_state_funding,wan,1420580.217
1772,WA,max,total_state_funding,overall,4237951.814
1773,WA,max,total_state_funding,wan,4119286.854
1774,WA,az,total_state_funding,wan,3361067.579
1775,WA,az_pop,total_state_funding,wan,2178799.492
1776,WA,min,total_erate_funding,overall,13069841.92
1777,WA,min,total_erate_funding,wan,11812279.72
1778,WA,max,total_erate_funding,overall,43500265.78
1779,WA,max,total_erate_funding,wan,42242703.58
1780,WA,az,total_erate_funding,wan,35684472.24
1781,WA,az_pop,total_erate_funding,wan,18370511.05
1782,WA,min,total_district_funding,overall,2559858.468
1783,WA,min,total_district_funding,wan,2474609.558
1784,WA,max,total_district_funding,overall,5284838.139
1785,WA,max,total_district_funding,wan,5199589.229
1786,WA,az,total_district_funding,wan,4558560.223
1787,WA,az_pop,total_district_funding,wan,3115638.563
1788,WA,min,build_distance,overall,205.0086268
1789,WA,min,build_distance,wan,205.0086268
1790,WA,max,build_distance,overall,924.9935307
1791,WA,max,build_distance,wan,924.9935307
1792,WA,az,build_distance,wan,752.016488
1793,WA,az_pop,build_distance,wan,377.9856695
1794,WA,min,total_cost_per_mile,overall,83747.42974
1795,WA,max,total_cost_per_mile,overall,57322.62321
1796,WA,min,miles_per_build,overall,2.727385941
1797,WA,max,miles_per_build,overall,9.062374442
1798,WA,min,builds,overall,75.16670951
1799,WA,min,builds,wan,75.16670951
1800,WA,min,builds,ia,0
1801,WA,max,builds,overall,102.0696658
1802,WA,max,builds,wan,102.0696658
1803,WA,max,builds,ia,0
1804,WA,az,builds,wan,51.07879177
1805,WA,az_pop,builds,wan,118.1575835
1806,WI,min,total_cost,overall,8073168.561
1807,WI,min,total_cost,wan,8073168.561
1808,WI,max,total_cost,overall,17717272.03
1809,WI,max,total_cost,wan,17717272.03
1810,WI,az,total_cost,wan,10852915.81
1811,WI,az_pop,total_cost,wan,14937524.78
1812,WI,min,total_state_funding,overall,787915.793
1813,WI,min,total_state_funding,wan,787915.793
1814,WI,max,total_state_funding,overall,1686245.078
1815,WI,max,total_state_funding,wan,1686245.078
1816,WI,az,total_state_funding,wan,1026338.814
1817,WI,az_pop,total_state_funding,wan,1447822.057
1818,WI,min,total_erate_funding,overall,5963887.939
1819,WI,min,total_erate_funding,wan,5963887.939
1820,WI,max,total_erate_funding,overall,13001707.5
1821,WI,max,total_erate_funding,wan,13001707.5
1822,WI,az,total_erate_funding,wan,8149748.541
1823,WI,az_pop,total_erate_funding,wan,10815846.9
1824,WI,min,total_district_funding,overall,1321364.852
1825,WI,min,total_district_funding,wan,1321364.852
1826,WI,max,total_district_funding,overall,3029319.403
1827,WI,max,total_district_funding,wan,3029319.403
1828,WI,az,total_district_funding,wan,1676828.527
1829,WI,az_pop,total_district_funding,wan,2673855.728
1830,WI,min,build_distance,overall,78.7670287
1831,WI,min,build_distance,wan,78.7670287
1832,WI,max,build_distance,overall,211.6028143
1833,WI,max,build_distance,wan,211.6028143
1834,WI,az,build_distance,wan,124.2916647
1835,WI,az_pop,build_distance,wan,166.0781783
1836,WI,min,total_cost_per_mile,overall,102494.2631
1837,WI,max,total_cost_per_mile,overall,83728.90544
1838,WI,min,miles_per_build,overall,1.094597011
1839,WI,max,miles_per_build,overall,1.720223523
1840,WI,min,builds,overall,71.95984264
1841,WI,min,builds,wan,71.95984264
1842,WI,min,builds,ia,0
1843,WI,max,builds,overall,123.0089064
1844,WI,max,builds,wan,123.0089064
1845,WI,max,builds,ia,0
1846,WI,az,builds,wan,48.94958301
1847,WI,az_pop,builds,wan,129.979166
1848,WV,min,total_cost,overall,0
1849,WV,min,total_cost,wan,0
1850,WV,max,total_cost,overall,0
1851,WV,max,total_cost,wan,0
1852,WV,az,total_cost,wan,0
1853,WV,az_pop,total_cost,wan,0
1854,WV,min,total_state_funding,overall,0
1855,WV,min,total_state_funding,wan,0
1856,WV,max,total_state_funding,overall,0
1857,WV,max,total_state_funding,wan,0
1858,WV,az,total_state_funding,wan,0
1859,WV,az_pop,total_state_funding,wan,0
1860,WV,min,total_erate_funding,overall,0
1861,WV,min,total_erate_funding,wan,0
1862,WV,max,total_erate_funding,overall,0
1863,WV,max,total_erate_funding,wan,0
1864,WV,az,total_erate_funding,wan,0
1865,WV,az_pop,total_erate_funding,wan,0
1866,WV,min,total_district_funding,overall,0
1867,WV,min,total_district_funding,wan,0
1868,WV,max,total_district_funding,overall,0
1869,WV,max,total_district_funding,wan,0
1870,WV,az,total_district_funding,wan,0
1871,WV,az_pop,total_district_funding,wan,0
1872,WV,min,build_distance,overall,0
1873,WV,min,build_distance,wan,0
1874,WV,max,build_distance,overall,0
1875,WV,max,build_distance,wan,0
1876,WV,az,build_distance,wan,0
1877,WV,az_pop,build_distance,wan,0
1878,WV,min,total_cost_per_mile,overall,nan
1879,WV,max,total_cost_per_mile,overall,nan
1880,WV,min,miles_per_build,overall,nan
1881,WV,max,miles_per_build,overall,nan
1882,WV,min,builds,overall,0
1883,WV,min,builds,wan,0
1884,WV,min,builds,ia,0
1885,WV,max,builds,overall,0
1886,WV,max,builds,wan,0
1887,WV,max,builds,ia,0
1888,WV,az,builds,wan,0
1889,WV,az_pop,builds,wan,0
1890,WY,min,total_cost,overall,26235871.41
1891,WY,min,total_cost,wan,26023662.7
1892,WY,max,total_cost,overall,64404071.5
1893,WY,max,total_cost,wan,64191862.79
1894,WY,az,total_cost,wan,63464508.83
1895,WY,az_pop,total_cost,wan,26751016.66
1896,WY,min,total_state_funding,overall,2612976.74
1897,WY,min,total_state_funding,wan,2602366.3
1898,WY,max,total_state_funding,overall,6429796.72
1899,WY,max,total_state_funding,wan,6419186.28
1900,WY,az,total_state_funding,wan,6346450.88
1901,WY,az_pop,total_state_funding,wan,2675101.7
1902,WY,min,total_erate_funding,overall,18950510.43
1903,WY,min,total_erate_funding,wan,18748912.15
1904,WY,max,total_erate_funding,overall,46766680.02
1905,WY,max,total_erate_funding,wan,46565081.74
1906,WY,az,total_erate_funding,wan,46013540.72
1907,WY,az_pop,total_erate_funding,wan,19300453.17
1908,WY,min,total_district_funding,overall,4672384.25
1909,WY,min,total_district_funding,wan,4672384.25
1910,WY,max,total_district_funding,overall,11207594.77
1911,WY,max,total_district_funding,wan,11207594.77
1912,WY,az,total_district_funding,wan,11104517.23
1913,WY,az_pop,total_district_funding,wan,4775461.79
1914,WY,min,build_distance,overall,542.1737779
1915,WY,min,build_distance,wan,542.1737779
1916,WY,max,build_distance,overall,1067.10126
1917,WY,max,build_distance,wan,1067.10126
1918,WY,az,build_distance,wan,1053.776294
1919,WY,az_pop,build_distance,wan,555.4987442
1920,WY,min,total_cost_per_mile,overall,48390.15179
1921,WY,max,total_cost_per_mile,overall,60354.22685
1922,WY,min,miles_per_build,overall,8.611400539
1923,WY,max,miles_per_build,overall,22.84035231
1924,WY,min,builds,overall,62.96
1925,WY,min,builds,wan,62.96
1926,WY,min,builds,ia,0
1927,WY,max,builds,overall,46.72
1928,WY,max,builds,wan,46.72
1929,WY,max,builds,ia,0
1930,WY,az,builds,wan,35.56
1931,WY,az_pop,builds,wan,73.12
1932,DC,min,total_cost,overall,0
1933,DC,min,total_cost,wan,0
1934,DC,max,total_cost,overall,0
1935,DC,max,total_cost,wan,0
1936,DC,az,total_cost,wan,0
1937,DC,az_pop,total_cost,wan,0
1938,DC,min,total_state_funding,overall,0
1939,DC,min,total_state_funding,wan,0
1940,DC,max,total_state_funding,overall,0
1941,DC,max,total_state_funding,wan,0
1942,DC,az,total_state_funding,wan,0
1943,DC,az_pop,total_state_funding,wan,0
1944,DC,min,total_erate_funding,overall,0
1945,DC,min,total_erate_funding,wan,0
1946,DC,max,total_erate_funding,overall,0
1947,DC,max,total_erate_funding,wan,0
1948,DC,az,total_erate_funding,wan,0
1949,DC,az_pop,total_erate_funding,wan,0
1950,DC,min,total_district_funding,overall,0
1951,DC,min,total_district_funding,wan,0
1952,DC,max,total_district_funding,overall,0
1953,DC,max,total_district_funding,wan,0
1954,DC,az,total_district_funding,wan,0
1955,DC,az_pop,total_district_funding,wan,0
1956,DC,min,build_distance,overall,0
1957,DC,min,build_distance,wan,0
1958,DC,max,build_distance,overall,0
1959,DC,max,build_distance,wan,0
1960,DC,az,build_distance,wan,0
1961,DC,az_pop,build_distance,wan,0
1962,DC,min,total_cost_per_mile,overall,nan
1963,DC,max,total_cost_per_mile,overall,nan
1964,DC,min,miles_per_build,overall,nan
1965,DC,max,miles_per_build,overall,nan
1966,DC,min,builds,overall,0
1967,DC,min,builds,wan,0
1968,DC,min,builds,ia,0
1969,DC,max,builds,overall,0
1970,DC,max,builds,wan,0
1971,DC,max,builds,ia,0
1972,DC,az,builds,wan,0
1973,DC,az_pop,builds,wan,0
1974,DE,min,total_cost,overall,0
1975,DE,min,total_cost,wan,0
1976,DE,max,total_cost,overall,0
1977,DE,max,total_cost,wan,0
1978,DE,az,total_cost,wan,0
1979,DE,az_pop,total_cost,wan,0
1980,DE,min,total_state_funding,overall,0
1981,DE,min,total_state_funding,wan,0
1982,DE,max,total_state_funding,overall,0
1983,DE,max,total_state_funding,wan,0
1984,DE,az,total_state_funding,wan,0
1985,DE,az_pop,total_state_funding,wan,0
1986,DE,min,total_erate_funding,overall,0
1987,DE,min,total_erate_funding,wan,0
1988,DE,max,total_erate_funding,overall,0
1989,DE,max,total_erate_funding,wan,0
1990,DE,az,total_erate_funding,wan,0
1991,DE,az_pop,total_erate_funding,wan,0
1992,DE,min,total_district_funding,overall,0
1993,DE,min,total_district_funding,wan,0
1994,DE,max,total_district_funding,overall,0
1995,DE,max,total_district_funding,wan,0
1996,DE,az,total_district_funding,wan,0
1997,DE,az_pop,total_district_funding,wan,0
1998,DE,min,build_distance,overall,0
1999,DE,min,build_distance,wan,0
2000,DE,max,build_distance,overall,0
2001,DE,max,build_distance,wan,0
2002,DE,az,build_distance,wan,0
2003,DE,az_pop,build_distance,wan,0
2004,DE,min,total_cost_per_mile,overall,nan
2005,DE,max,total_cost_per_mile,overall,nan
2006,DE,min,miles_per_build,overall,nan
2007,DE,max,miles_per_build,overall,nan
2008,DE,min,builds,overall,0
2009,DE,min,builds,wan,0
2010,DE,min,builds,ia,0
2011,DE,max,builds,overall,0
2012,DE,max,builds,wan,0
2013,DE,max,builds,ia,0
2014,DE,az,builds,wan,0
2015,DE,az_pop,builds,wan,0
2016,HI,min,total_cost,overall,0
2017,HI,min,total_cost,wan,0
2018,HI,max,total_cost,overall,0
2019,HI,max,total_cost,wan,0
2020,HI,az,total_cost,wan,0
2021,HI,az_pop,total_cost,wan,0
2022,HI,min,total_state_funding,overall,0
2023,HI,min,total_state_funding,wan,0
2024,HI,max,total_state_funding,overall,0
2025,HI,max,total_state_funding,wan,0
2026,HI,az,total_state_funding,wan,0
2027,HI,az_pop,total_state_funding,wan,0
2028,HI,min,total_erate_funding,overall,0
2029,HI,min,total_erate_funding,wan,0
2030,HI,max,total_erate_funding,overall,0
2031,HI,max,total_erate_funding,wan,0
2032,HI,az,total_erate_funding,wan,0
2033,HI,az_pop,total_erate_funding,wan,0
2034,HI,min,total_district_funding,overall,0
2035,HI,min,total_district_funding,wan,0
2036,HI,max,total_district_funding,overall,0
2037,HI,max,total_district_funding,wan,0
2038,HI,az,total_district_funding,wan,0
2039,HI,az_pop,total_district_funding,wan,0
2040,HI,min,build_distance,overall,0
2041,HI,min,build_distance,wan,0
2042,HI,max,build_distance,overall,0
2043,HI,max,build_distance,wan,0
2044,HI,az,build_distance,wan,0
2045,HI,az_pop,build_distance,wan,0
2046,HI,min,total_cost_per_mile,overall,nan
2047,HI,max,total_cost_per_mile,overall,nan
2048,HI,min,miles_per_build,overall,nan
2049,HI,max,miles_per_build,overall,nan
2050,HI,min,builds,overall,0
2051,HI,min,builds,wan,0
2052,HI,min,builds,ia,0
2053,HI,max,builds,overall,0
2054,HI,max,builds,wan,0
2055,HI,max,builds,ia,0
2056,HI,az,builds,wan,0
2057,HI,az_pop,builds,wan,0
2058,KY,min,total_cost,overall,0
2059,KY,min,total_cost,wan,0
2060,KY,max,total_cost,overall,0
2061,KY,max,total_cost,wan,0
2062,KY,az,total_cost,wan,0
2063,KY,az_pop,total_cost,wan,0
2064,KY,min,total_state_funding,overall,0
2065,KY,min,total_state_funding,wan,0
2066,KY,max,total_state_funding,overall,0
2067,KY,max,total_state_funding,wan,0
2068,KY,az,total_state_funding,wan,0
2069,KY,az_pop,total_state_funding,wan,0
2070,KY,min,total_erate_funding,overall,0
2071,KY,min,total_erate_funding,wan,0
2072,KY,max,total_erate_funding,overall,0
2073,KY,max,total_erate_funding,wan,0
2074,KY,az,total_erate_funding,wan,0
2075,KY,az_pop,total_erate_funding,wan,0
2076,KY,min,total_district_funding,overall,0
2077,KY,min,total_district_funding,wan,0
2078,KY,max,total_district_funding,overall,0
2079,KY,max,total_district_funding,wan,0
2080,KY,az,total_district_funding,wan,0
2081,KY,az_pop,total_district_funding,wan,0
2082,KY,min,build_distance,overall,0
2083,KY,min,build_distance,wan,0
2084,KY,max,build_distance,overall,0
2085,KY,max,build_distance,wan,0
2086,KY,az,build_distance,wan,0
2087,KY,az_pop,build_distance,wan,0
2088,KY,min,total_cost_per_mile,overall,nan
2089,KY,max,total_cost_per_mile,overall,nan
2090,KY,min,miles_per_build,overall,nan
2091,KY,max,miles_per_build,overall,nan
2092,KY,min,builds,overall,0
2093,KY,min,builds,wan,0
2094,KY,min,builds,ia,0
2095,KY,max,builds,overall,0
2096,KY,max,builds,wan,0
2097,KY,max,builds,ia,0
2098,KY,az,builds,wan,0
2099,KY,az_pop,builds,wan,0
2100,SC,min,total_cost,overall,949015.86
2101,SC,min,total_cost,wan,949015.86
2102,SC,max,total_cost,overall,2198836.6
2103,SC,max,total_cost,wan,2198836.6
2104,SC,az,total_cost,wan,1505376.26
2105,SC,az_pop,total_cost,wan,1642476.2
2106,SC,min,total_state_funding,overall,57275.88
2107,SC,min,total_state_funding,wan,57275.88
2108,SC,max,total_state_funding,overall,132926.79
2109,SC,max,total_state_funding,wan,132926.79
2110,SC,az,total_state_funding,wan,90480.88
2111,SC,az_pop,total_state_funding,wan,99721.79
2112,SC,min,total_erate_funding,overall,886585.22
2113,SC,min,total_erate_funding,wan,886585.22
2114,SC,max,total_erate_funding,overall,2057964.48
2115,SC,max,total_erate_funding,wan,2057964.48
2116,SC,az,total_erate_funding,wan,1406949.97
2117,SC,az_pop,total_erate_funding,wan,1537599.73
2118,SC,min,total_district_funding,overall,5154.7
2119,SC,min,total_district_funding,wan,5154.7
2120,SC,max,total_district_funding,overall,7945.35
2121,SC,max,total_district_funding,wan,7945.35
2122,SC,az,total_district_funding,wan,7945.35
2123,SC,az_pop,total_district_funding,wan,5154.7
2124,SC,min,build_distance,overall,13.21209067
2125,SC,min,build_distance,wan,13.21209067
2126,SC,max,build_distance,overall,36.91008336
2127,SC,max,build_distance,wan,36.91008336
2128,SC,az,build_distance,wan,26.60059674
2129,SC,az_pop,build_distance,wan,23.5215773
2130,SC,min,total_cost_per_mile,overall,71829.3481
2131,SC,max,total_cost_per_mile,overall,59572.78878
2132,SC,min,miles_per_build,overall,1.977857885
2133,SC,max,miles_per_build,overall,3.781770836
2134,SC,min,builds,overall,6.68
2135,SC,min,builds,wan,6.68
2136,SC,min,builds,ia,0
2137,SC,max,builds,overall,9.76
2138,SC,max,builds,wan,9.76
2139,SC,max,builds,ia,0
2140,SC,az,builds,wan,5.48
2141,SC,az_pop,builds,wan,10.96
