postal_cd,consultant_names,consultant_num,num_districts_served,num_clean_districts_served,num_dirty_districts_served,num_fiber_target_districts_served,num_potential_fiber_target_districts_served,num_not_fiber_target_districts_served,num_no_data_fiber_districts_served,num_bw_target_districts_served,num_potential_bw_target_districts_served,num_not_bw_target_districts_served,num_no_data_bw_districts_served,num_meeting_affordability_districts_served,num_not_meeting_affordability_districts_served,num_unknown_affordability_districts_served,num_fiber_or_bw_target_districts_served,num_fiber_or_bw_potential_target_districts_served,num_applications
AK,"ADS Advanced Data Services, Inc.",16049151,1,1,0,1,0,0,0,0,0,1,0,0,1,0,1,0,1
AK,"Alaska Education & Business Services, Inc.",17001521,3,0,3,1,2,0,0,0,2,1,0,0,0,3,1,3,3
AK,E-Rate Central,16060891,6,5,1,4,1,1,0,2,1,3,0,0,5,1,4,1,6
AK,E-Rate Complete,16043592,1,1,0,0,0,1,0,0,0,1,0,0,1,0,0,0,1
AK,Jim White,17004810,1,1,0,1,0,0,0,1,0,0,0,0,1,0,1,0,1
AK,Southeast Regional Resource Center (SERRC),16062991,9,8,1,6,1,2,0,3,1,5,0,0,8,1,6,1,9
AK,Valerie Oliver,17002356,1,0,1,0,1,0,0,0,0,1,0,0,0,1,0,1,1
AL,Dynamic Strategies LLC,16043580,3,3,0,0,0,3,0,1,0,2,0,0,3,0,1,0,3
AL,Epic Communications,16048924,3,3,0,0,0,3,0,0,0,3,0,0,3,0,0,0,3
AL,"E-Rate 360 Solutions, LLC",16048893,13,12,1,1,1,11,0,2,1,10,0,0,12,1,2,1,14
AL,Funds for Learning,16024808,2,2,0,0,0,2,0,1,0,1,0,0,2,0,1,0,3
AR,Allen & Allen Consulting LLC,16060634,4,4,0,1,3,0,0,0,0,4,0,0,4,0,1,3,7
AR,Charles Hudson,16076735,1,0,1,1,0,0,0,0,0,1,0,0,0,1,1,0,2
AR,COLLECT-ED LLC,16062522,1,1,0,0,0,1,0,0,0,1,0,0,1,0,0,0,1
AR,CRW Consulting,16024800,30,26,4,2,8,20,0,2,0,28,0,3,23,4,3,8,32
AR,Educational Consortium for Telecom Savings,16024807,2,1,1,0,1,1,0,0,0,2,0,0,1,1,0,1,2
AR,"E-Rate 360 Solutions, LLC",16048893,3,1,2,0,3,0,0,1,1,1,0,0,1,2,1,3,5
AR,E-Rate Central,16060891,6,6,0,2,1,3,0,1,0,5,0,2,4,0,2,1,9
AR,E-RATE ONLINE LLC,16048791,1,1,0,0,0,1,0,0,0,1,0,1,0,0,0,0,1
AR,Funds for Learning,16024808,1,1,0,0,1,0,0,0,0,1,0,0,1,0,0,1,1
AR,GETFUNDED,16057463,2,2,0,0,0,2,0,0,0,2,0,1,1,0,0,0,2
AR,"Kellogg & Sovereign Consulting, LLC",16024809,7,6,1,1,0,6,0,0,1,6,0,0,6,1,1,1,12
AR,"My E-Rate Guy, LLC",16043637,2,2,0,0,2,0,0,1,0,1,0,0,2,0,1,2,3
AR,Sharon Dowdy,16062339,5,5,0,0,1,4,0,1,0,4,0,3,2,0,1,1,6
AZ,"ADS Advanced Data Services, Inc.",16049151,5,5,0,1,0,4,0,1,0,4,0,2,3,0,2,0,5
AZ,BIA Erate Team,17001438,2,0,2,1,0,1,0,0,2,0,0,0,1,1,1,2,2
AZ,Complete Technology Solutions LLC,16067743,4,4,0,1,0,3,0,0,0,4,0,4,0,0,1,0,5
AZ,"e2e Exchange, LLC",16043595,1,0,1,0,1,0,0,0,1,0,0,0,0,1,0,1,2
AZ,Edgewater IT,16075523,2,0,2,2,0,0,0,0,2,0,0,0,2,0,2,2,3
AZ,Educational Funding Group,16043587,2,1,1,1,0,1,0,1,1,0,0,0,2,0,2,1,2
AZ,Education TEAM Partners LLC,16049460,1,1,0,0,0,1,0,0,0,1,0,0,1,0,0,0,2
AZ,"E-Rate 360 Solutions, LLC",16048893,14,13,1,1,1,12,0,0,1,13,0,0,13,1,1,1,17
AZ,E-Rate Central,16060891,1,0,1,1,0,0,0,0,1,0,0,0,1,0,1,1,1
AZ,E-Rate Consulting LLC,16062128,1,1,0,1,0,0,0,0,0,1,0,1,0,0,1,0,2
AZ,E-Rate Consulting Specialists Inc,16049024,1,1,0,0,0,1,0,0,0,1,0,1,0,0,0,0,2
AZ,"E-Rate Elite Services, Inc.",16024803,1,1,0,1,0,0,0,0,0,1,0,0,1,0,1,0,1
AZ,E-Rate First,16065884,1,1,0,0,1,0,0,1,0,0,0,1,0,0,1,1,2
AZ,"E-Rate Funding Services, LLC",16082747,1,1,0,0,0,1,0,0,0,1,0,0,1,0,0,0,2
AZ,E-RATE ONLINE LLC,16048791,3,2,1,1,1,1,0,0,1,2,0,1,1,1,1,1,9
AZ,"ERateProgram, LLC",16048902,1,1,0,0,0,1,0,0,0,1,0,1,0,0,0,0,1
AZ,ETECHCO INC,16061978,1,1,0,1,0,0,0,0,0,1,0,1,0,0,1,0,1
AZ,Funds for Learning,16024808,1,1,0,0,0,1,0,0,0,1,0,0,1,0,0,0,1
AZ,GETFUNDED,16057463,7,5,2,1,0,6,0,1,2,4,0,2,4,1,2,2,8
AZ,Jack Sterling,16062215,1,1,0,0,0,1,0,0,0,1,0,1,0,0,0,0,1
AZ,My Angel Grant LLC,16062047,1,0,1,0,1,0,0,0,1,0,0,0,0,1,0,1,1
AZ,Nicely Done Consulting,16043643,93,84,9,27,8,58,0,16,2,74,1,14,70,9,37,8,106
AZ,"NvLS Professional Services, LLC",16024810,1,0,1,0,1,0,0,0,1,0,0,0,0,1,0,1,1
AZ,Sherri Martinez,16075152,1,0,1,0,1,0,0,0,0,0,1,0,0,1,0,1,2
AZ,Small Business Tech Solutions,16076351,2,2,0,2,0,0,0,1,0,1,0,0,2,0,2,0,2
AZ,Tatonka Education Service,17002253,1,0,1,0,1,0,0,0,1,0,0,0,0,1,0,1,1
AZ,Tech Funds Inc,16043671,20,15,5,8,3,9,0,2,3,15,0,4,11,5,8,6,22
AZ,TELETECH ASSOCIATES INC,16062022,1,1,0,1,0,0,0,0,0,1,0,0,1,0,1,0,2
AZ,The Miller Institute for Learning With Technology (dba Learningtech.org),16043681,3,2,1,1,0,2,0,0,1,2,0,1,2,0,1,1,4
AZ,Triple R Consultants,16055924,3,2,1,1,0,2,0,0,1,2,0,2,0,1,1,1,5
AZ,Yavapai County Educational Service Agency,16071819,36,31,5,11,4,20,1,3,3,29,1,6,25,5,13,5,43
CA,AARRESTAD-GJERVIK CONSULTING,16062621,21,16,5,1,8,12,0,2,2,17,0,11,5,5,3,8,21
CA,"ADS Advanced Data Services, Inc.",16049151,1,1,0,0,1,0,0,0,0,1,0,0,1,0,0,1,1
CA,ATG,16065304,27,22,5,3,4,19,1,3,4,20,0,11,11,5,5,5,30
CA,BTU Consultants,16049611,3,1,2,0,1,2,0,0,1,2,0,1,0,2,0,1,3
CA,CSM Consulting Inc.,16043564,255,223,32,27,41,186,1,49,24,180,2,99,124,32,65,44,298
CA,David Goldsmith,16071686,5,5,0,5,0,0,0,0,0,5,0,0,5,0,5,0,5
CA,David Sonderegger,16071142,5,5,0,1,0,4,0,0,0,5,0,3,2,0,1,0,9
CA,"e2e Exchange, LLC",16043595,4,3,1,0,1,3,0,0,1,3,0,1,2,1,0,1,5
CA,Eddie R. Smith Consulting,16049508,4,4,0,0,0,4,0,0,0,4,0,3,1,0,0,0,5
CA,eDimension LLC,16043582,4,4,0,0,0,4,0,2,0,2,0,3,1,0,2,0,4
CA,"EDTECH STRATEGIES, LLC",16062713,1,1,0,0,0,1,0,0,0,1,0,0,1,0,0,0,1
CA,Educational Consortium for Telecom Savings,16024807,1,1,0,1,0,0,0,0,0,1,0,0,1,0,1,0,1
CA,"E-Rate 360 Solutions, LLC",16048893,4,3,1,0,1,3,0,0,1,3,0,2,1,1,0,1,4
CA,E-Rate Advantage,16060670,1,0,1,0,1,0,0,0,1,0,0,0,0,1,0,1,1
CA,E-Rate Central,16060891,3,3,0,0,0,3,0,0,0,3,0,0,3,0,0,0,3
CA,E-Rate Complete,16043592,3,3,0,0,0,3,0,0,0,3,0,2,1,0,0,0,3
CA,"E-Rate Elite Services, Inc.",16024803,1,1,0,0,0,1,0,0,0,1,0,0,1,0,0,0,2
CA,E-Rate First,16065884,1,1,0,0,0,1,0,1,0,0,0,0,1,0,1,0,2
CA,E-RATE ONLINE LLC,16048791,5,3,2,1,1,3,0,0,2,3,0,1,2,2,1,2,5
CA,"ERateProgram, LLC",16048902,1,1,0,0,0,1,0,0,0,1,0,1,0,0,0,0,1
CA,"eRate Solutions, L.L.C.",16024804,1,1,0,0,0,1,0,0,0,1,0,1,0,0,0,0,1
CA,Federal Funds Assistant,16062923,1,1,0,0,0,1,0,0,0,1,0,1,0,0,0,0,1
CA,Funds for Learning,16024808,1,1,0,0,0,1,0,0,0,1,0,0,1,0,0,0,2
CA,Glenn Hervieux,16062141,7,7,0,4,1,2,0,0,0,7,0,3,4,0,4,1,7
CA,Gray Prewitt,16067255,2,2,0,0,0,2,0,0,0,2,0,1,1,0,0,0,2
CA,"INFINITE CONNECTIONS, INC.",16062454,1,1,0,0,0,1,0,0,0,1,0,0,1,0,0,0,1
CA,Infinity Communications & Consulting,16043605,184,147,37,39,41,104,0,27,29,126,2,59,88,37,56,51,209
CA,Intrinsic Admin Corp,16079893,1,1,0,0,0,1,0,0,0,1,0,1,0,0,0,0,1
CA,IP Enterprises,17000005,1,1,0,0,0,1,0,1,0,0,0,0,1,0,1,0,1
CA,JEG CONSULTING,16062012,13,11,2,8,3,1,1,6,1,6,0,2,9,2,10,4,15
CA,"Kendrick Group, LLC",16043626,1,1,0,0,0,1,0,0,0,1,0,1,0,0,0,0,2
CA,Mattison Enterprises,16043631,19,18,1,0,6,13,0,7,0,11,1,12,6,1,7,6,19
CA,Merced County Office of Education,16071545,12,12,0,2,0,10,0,0,0,12,0,8,4,0,2,0,23
CA,Michael Anderson,16062433,7,6,1,3,0,4,0,2,1,4,0,1,5,1,3,1,7
CA,Mono County Office of Education,17002301,2,1,1,0,1,1,0,0,1,1,0,1,0,1,0,1,2
CA,"NvLS Professional Services, LLC",16024810,38,30,8,4,8,26,0,8,5,24,1,22,8,8,10,9,40
CA,"PROJECT CONSULTING ADJUNCT STAFF 4 EDUCATION, INC.",16066469,6,4,2,0,0,6,0,1,0,5,0,1,3,2,1,0,16
CA,RDV Consulting Services,16062353,15,14,1,1,2,12,0,2,1,12,0,9,5,1,3,2,18
CA,"RICK GILDEZ - NetMedic, LLC",16062448,4,4,0,1,0,3,0,1,0,3,0,0,4,0,1,0,4
CA,"Roger Powell Consulting, LLC",16062588,4,4,0,0,0,4,0,0,0,4,0,3,1,0,0,0,4
CA,SCCOE Consultant,17005196,3,1,2,1,0,2,0,0,1,2,0,1,0,2,1,1,3
CA,Stodghill Group,16043665,4,4,0,1,1,2,0,0,0,4,0,3,1,0,1,1,4
CA,"Sutherland Consulting Group, Inc. DBA EdTechnologyFunds, Inc.",16060507,5,4,1,0,1,4,0,2,0,3,0,2,2,1,2,1,8
CA,"Tech Ed Services, Inc",16060753,8,8,0,0,2,6,0,2,0,6,0,6,2,0,2,2,8
CA,Telesolutions Consultants LLC,16043677,2,2,0,0,0,2,0,0,0,2,0,0,2,0,0,0,3
CA,The Miller Institute for Learning With Technology (dba Learningtech.org),16043681,8,8,0,0,2,6,0,0,0,8,0,4,4,0,0,2,9
CO,"ADS Advanced Data Services, Inc.",16049151,1,1,0,1,0,0,0,0,0,1,0,0,1,0,1,0,1
CO,BTU Consultants,16049611,1,1,0,0,0,1,0,0,0,1,0,1,0,0,0,0,1
CO,Claborn Services LLC,16062431,1,1,0,0,0,1,0,0,0,1,0,0,1,0,0,0,1
CO,CRW Consulting,16024800,6,6,0,2,1,3,0,0,0,6,0,2,4,0,2,1,8
CO,CSM Consulting Inc.,16043564,1,1,0,0,0,1,0,1,0,0,0,0,1,0,1,0,3
CO,CTI eRate Services,16043573,1,1,0,0,1,0,0,1,0,0,0,1,0,0,1,1,1
CO,"e2e Exchange, LLC",16043595,5,4,1,1,2,2,0,0,1,4,0,1,3,1,1,2,5
CO,Educational Consortium for Telecom Savings,16024807,3,3,0,1,1,1,0,0,0,3,0,1,2,0,1,1,3
CO,"E-Rate 360 Solutions, LLC",16048893,3,2,1,0,1,2,0,0,0,3,0,1,1,1,0,1,4
CO,E-Rate Central,16060891,1,1,0,0,1,0,0,0,0,1,0,0,1,0,0,1,2
CO,E-RATE ONLINE LLC,16048791,4,4,0,0,1,3,0,1,0,3,0,2,2,0,1,1,7
CO,"ERateProgram, LLC",16048902,1,1,0,0,0,1,0,0,0,1,0,0,1,0,0,0,1
CO,ETECHCO INC,16061978,45,43,2,7,5,33,0,7,2,36,0,30,13,2,13,5,54
CO,Funds for Learning,16024808,2,2,0,0,0,2,0,1,0,1,0,1,1,0,1,0,3
CO,John Hubley,16062228,1,1,0,1,0,0,0,0,0,1,0,1,0,0,1,0,1
CO,"Kellogg & Sovereign Consulting, LLC",16024809,3,3,0,0,1,2,0,1,0,2,0,3,0,0,1,1,3
CO,NORTHEAST COLORADO BOCES,16062029,8,7,1,1,0,7,0,0,0,8,0,2,5,1,1,0,9
CO,"Optimal Communications Group, LLC",16075693,2,2,0,0,0,2,0,0,0,2,0,1,1,0,0,0,5
CO,"Storm Consulting Group, LP",16054744,3,3,0,0,1,2,0,0,0,3,0,2,1,0,0,1,3
CT,"e2e Exchange, LLC",16043595,4,2,2,0,4,0,0,1,0,3,0,1,1,2,1,4,4
CT,Educational Consortium for Telecom Savings,16024807,7,6,1,1,1,5,0,0,0,7,0,6,0,1,1,1,10
CT,E-Rate Central,16060891,1,0,1,0,1,0,0,0,1,0,0,0,0,1,0,1,1
CT,"E-Rate Elite Services, Inc.",16024803,3,3,0,0,2,1,0,0,0,3,0,3,0,0,0,2,4
CT,E-RATE ONLINE LLC,16048791,80,79,1,2,16,62,0,1,0,79,0,79,0,1,3,16,139
CT,"ERateProgram, LLC",16048902,1,0,1,0,1,0,0,0,0,1,0,0,0,1,0,1,2
CT,E Rate Solutions Group Inc,16043598,1,0,1,0,1,0,0,0,1,0,0,0,0,1,0,1,2
CT,"Kellogg & Sovereign Consulting, LLC",16024809,5,5,0,1,1,3,0,1,0,4,0,5,0,0,1,1,6
DC,Funds for Learning,16024808,1,1,0,0,1,0,0,1,0,0,0,1,0,0,1,1,1
FL,CSM Consulting Inc.,16043564,2,2,0,0,0,2,0,2,0,0,0,0,2,0,2,0,2
FL,Educational Consortium for Telecom Savings,16024807,1,1,0,1,0,0,0,0,0,1,0,0,1,0,1,0,1
FL,"E-Rate 360 Solutions, LLC",16048893,21,18,3,0,6,15,0,6,3,12,0,4,14,3,6,6,25
FL,E-Rate Advantage,16060670,1,1,0,0,0,1,0,1,0,0,0,0,1,0,1,0,1
FL,Federal Program Consulting Inc,16060500,2,2,0,0,1,1,0,0,0,2,0,0,2,0,0,1,2
FL,Funds for Learning,16024808,2,2,0,0,0,2,0,1,0,1,0,1,1,0,1,0,2
FL,K12 Consultants,16043612,1,1,0,0,0,1,0,0,0,1,0,0,1,0,0,0,1
FL,Morrow & Morrow Inc,16062111,1,1,0,0,0,1,0,0,0,1,0,0,1,0,0,0,1
FL,New Hope Technology Foundation,16054699,1,1,0,0,0,1,0,0,0,1,0,0,1,0,0,0,1
FL,TELETECH ASSOCIATES INC,16062022,1,1,0,0,0,1,0,0,0,1,0,0,1,0,0,0,1
GA,Allen & Allen Consulting LLC,16060634,9,9,0,0,1,8,0,0,0,9,0,6,3,0,0,1,16
GA,CSM Consulting Inc.,16043564,2,2,0,0,0,2,0,0,0,2,0,0,2,0,0,0,2
GA,Ed Tech Consulting,16060750,9,9,0,0,0,9,0,0,0,9,0,5,4,0,0,0,9
GA,Educational Consortium for Telecom Savings,16024807,2,1,1,0,0,2,0,0,0,2,0,1,0,1,0,0,3
GA,Educational Funding Group,16043587,1,0,1,0,1,0,0,0,0,1,0,0,0,1,0,1,2
GA,Elert & Associates,16043588,1,1,0,0,1,0,0,0,0,1,0,0,1,0,0,1,1
GA,Epic Communications,16048924,6,6,0,0,1,5,0,0,0,6,0,4,2,0,0,1,8
GA,"E-Rate 360 Solutions, LLC",16048893,3,3,0,0,0,3,0,0,0,3,0,1,2,0,0,0,3
GA,E-Rate Central,16060891,1,1,0,0,0,1,0,0,0,1,0,1,0,0,0,0,1
GA,E-RATE ONLINE LLC,16048791,1,1,0,0,0,1,0,0,0,1,0,1,0,0,0,0,1
GA,Funding Consultants LLC,16055380,7,7,0,0,0,7,0,0,0,7,0,5,2,0,0,0,7
GA,Funds for Learning,16024808,3,3,0,0,0,3,0,0,0,3,0,1,2,0,0,0,3
GA,K12 Consultants,16043612,40,37,3,0,7,33,0,0,0,40,0,10,27,3,0,7,42
GA,"MATLOCK SERVICES, LLC",16062392,2,1,1,0,1,1,0,0,0,2,0,0,1,1,0,1,5
GA,Morrow & Morrow Inc,16062111,7,7,0,0,1,6,0,0,0,7,0,4,3,0,0,1,8
GA,Service Associates Inc,16043663,1,1,0,0,0,1,0,0,0,1,0,1,0,0,0,0,1
GA,Universal Funding Consultants Inc,16043686,25,25,0,0,1,24,0,0,0,25,0,14,11,0,0,1,25
HI,CSM Consulting Inc.,16043564,1,1,0,0,0,1,0,0,0,1,0,0,1,0,0,0,2
IA,CRW Consulting,16024800,2,2,0,0,1,1,0,0,0,2,0,0,2,0,0,1,2
IA,"e2e Exchange, LLC",16043595,2,1,1,1,1,0,0,0,1,1,0,0,1,1,1,1,2
IA,Epic Communications,16048924,2,2,0,0,1,1,0,0,0,2,0,0,2,0,0,1,3
IA,E-Rate Complete,16043592,50,44,6,6,16,28,0,3,3,44,0,25,19,6,8,17,50
IA,"Let Me Help You With That, LLC",16066993,2,1,1,0,1,1,0,0,1,1,0,0,1,1,0,1,3
IA,Next Generation Technologies,17003232,6,4,2,0,2,4,0,0,1,5,0,2,2,2,0,3,7
IA,TEXAS EDUCATIONAL CONSULTATIVE SERVICES TECS,16061983,1,1,0,0,0,1,0,0,0,1,0,0,1,0,0,0,1
ID,BIA Erate Team,17001438,1,0,1,0,0,1,0,0,1,0,0,0,1,0,0,1,2
ID,Brent Edwards,16063586,13,11,2,10,2,1,0,2,1,10,0,5,6,2,10,2,13
ID,Cathy Morton,16062211,1,1,0,0,0,1,0,1,0,0,0,1,0,0,1,0,2
ID,"e2e Exchange, LLC",16043595,2,2,0,1,0,1,0,1,0,1,0,2,0,0,1,0,2
ID,Educational Consortium for Telecom Savings,16024807,5,5,0,2,1,2,0,0,0,5,0,3,2,0,2,1,5
ID,"E-Rate 360 Solutions, LLC",16048893,6,6,0,1,1,4,0,3,0,3,0,3,3,0,4,1,6
ID,E-Rate Central,16060891,1,1,0,0,0,1,0,0,0,1,0,1,0,0,0,0,1
ID,"E-Rate Elite Services, Inc.",16024803,1,1,0,0,0,1,0,0,0,1,0,1,0,0,0,0,1
ID,E-RATE ONLINE LLC,16048791,1,1,0,0,1,0,0,0,0,1,0,0,1,0,0,1,1
ID,Executive ERate Consulting,16065303,1,1,0,0,0,1,0,1,0,0,0,0,1,0,1,0,1
ID,Funds for Learning,16024808,3,3,0,1,0,2,0,2,0,1,0,2,1,0,2,0,4
ID,INTERMOUNTAIN ESD,16062054,2,2,0,0,0,2,0,1,0,1,0,1,1,0,1,0,2
ID,New Hope Technology Foundation,16054699,1,1,0,0,0,1,0,0,0,1,0,1,0,0,0,0,1
ID,Northwest Council for Computer Education (NCCE),17000414,4,4,0,0,0,4,0,1,0,3,0,3,1,0,1,0,6
IL,AdTec-Administrative & Technical Consulting,16024741,6,5,1,3,1,2,0,0,1,5,0,5,0,1,3,1,6
IL,AJD Consulting Services,16062967,52,42,10,9,8,35,0,8,5,37,2,31,11,10,15,11,56
IL,"Blue Maple Holdings, Inc",16062194,1,1,0,0,0,1,0,1,0,0,0,0,1,0,1,0,2
IL,BTU Consultants,16049611,17,16,1,2,4,11,0,7,1,9,0,8,8,1,9,4,17
IL,ClientFirst Technology Consulting,16073083,24,20,4,0,2,22,0,5,1,18,0,9,11,4,5,3,26
IL,ConnectED Consulting Services LLC,16063207,3,3,0,0,0,3,0,0,0,3,0,2,1,0,0,0,4
IL,Dave Berg,16070996,5,3,2,2,1,2,0,1,2,2,0,3,0,2,3,2,5
IL,"e2e Exchange, LLC",16043595,16,11,5,1,4,11,0,1,3,12,0,6,5,5,2,4,19
IL,Educational Consortium for Telecom Savings,16024807,19,16,3,3,3,13,0,2,3,14,0,9,7,3,5,6,20
IL,Elert & Associates,16043588,1,1,0,0,0,1,0,1,0,0,0,0,1,0,1,0,1
IL,Epic Communications,16048924,2,1,1,0,0,2,0,0,0,2,0,1,0,1,0,0,2
IL,E-Rate Advantage,16060670,1,1,0,1,0,0,0,0,0,1,0,1,0,0,1,0,1
IL,E-Rate Central,16060891,11,8,3,1,3,7,0,2,1,8,0,5,3,3,3,3,13
IL,E-Rate Complete,16043592,1,1,0,0,0,1,0,0,0,1,0,1,0,0,0,0,1
IL,Erate Compliance,16062554,4,4,0,1,1,2,0,2,0,2,0,4,0,0,3,1,4
IL,"E-Rate Elite Services, Inc.",16024803,1,1,0,1,0,0,0,0,0,1,0,0,1,0,1,0,1
IL,E-Rate First,16065884,2,1,1,0,1,1,0,0,0,2,0,0,1,1,0,1,2
IL,"E-Rate Funding Services, LLC",16082747,8,8,0,1,0,7,0,1,0,7,0,5,3,0,2,0,8
IL,E-Rate Funding Solutions LLC,16070846,31,27,4,4,4,23,0,7,4,20,0,18,9,4,10,7,33
IL,E-RATE ONLINE LLC,16048791,23,16,7,0,4,19,0,2,4,17,0,10,6,7,2,6,24
IL,E-Rate Professional$.com,16062265,5,4,1,0,2,3,0,0,0,5,0,4,0,1,0,2,5
IL,"ERateProgram, LLC",16048902,9,7,2,0,2,7,0,3,0,4,2,5,2,2,3,2,10
IL,"eRate Solutions, L.L.C.",16024804,3,3,0,1,0,2,0,1,0,2,0,2,1,0,1,0,3
IL,E-Rate Support Services,16062647,1,0,1,0,1,0,0,0,0,1,0,0,0,1,0,1,1
IL,Federal Funds Assistant,16062923,8,7,1,0,0,8,0,1,0,7,0,5,2,1,1,0,8
IL,Generex Consulting,16075503,1,1,0,0,0,1,0,0,0,1,0,1,0,0,0,0,1
IL,GETFUNDED,16057463,3,3,0,0,1,2,0,0,0,3,0,2,1,0,0,1,4
IL,"INFINITE CONNECTIONS, INC.",16062454,21,17,4,0,4,17,0,1,2,17,1,6,11,4,1,5,22
IL,K12 Consultants,16043612,1,1,0,0,0,1,0,0,0,1,0,0,1,0,0,0,1
IL,Mesa Internetworking eDesign and Project Mnagement Services LLC,16062414,1,1,0,0,0,1,0,0,0,1,0,1,0,0,0,0,2
IL,"Modern Erate, LLC",17000019,3,2,1,0,2,1,0,0,0,3,0,1,1,1,0,2,4
IL,New Hope Technology Foundation,16054699,26,24,2,3,2,21,0,4,2,20,0,9,15,2,6,4,41
IL,"Scaletta Consulting, LLC",16062027,8,6,2,1,2,5,0,1,1,5,1,3,3,2,2,2,11
IL,Telesolutions Consultants LLC,16043677,91,78,13,7,12,72,0,8,6,77,0,36,42,13,15,16,135
IL,Utilityhelp Inc,17004666,2,2,0,0,0,2,0,0,0,2,0,2,0,0,0,0,2
IL,Wilson Consulting,17009791,1,1,0,0,0,1,0,0,0,1,0,0,1,0,0,0,1
IL,"Zeller and Associates, LLC",16051885,23,22,1,5,0,18,0,4,0,19,0,12,10,1,7,0,27
IN,AdTec-Administrative & Technical Consulting,16024741,287,256,31,12,71,204,0,28,18,240,1,18,238,31,38,72,464
IN,BTU Consultants,16049611,3,2,1,1,1,1,0,0,1,2,0,0,2,1,1,1,9
IN,Educational Funding Group,16043587,2,1,1,0,2,0,0,0,1,1,0,0,1,1,0,2,5
IN,Epic Communications,16048924,1,1,0,0,0,1,0,0,0,1,0,0,1,0,0,0,3
IN,Generex Consulting,16075503,1,1,0,0,0,1,0,1,0,0,0,0,1,0,1,0,1
IN,Northern Indiana Educational Service Center,16069228,6,6,0,0,1,5,0,0,0,6,0,1,5,0,0,1,9
KS,BTU Consultants,16049611,5,4,1,0,0,5,0,1,0,4,0,1,3,1,1,0,5
KS,CRW Consulting,16024800,9,9,0,2,2,5,0,2,0,7,0,3,6,0,4,2,10
KS,CTI eRate Services,16043573,1,1,0,1,0,0,0,0,0,1,0,1,0,0,1,0,1
KS,"eRate Solutions, L.L.C.",16024804,26,26,0,3,0,23,0,3,0,23,0,3,23,0,5,0,31
KS,ESSDACK,16062692,26,26,0,5,1,20,0,1,0,25,0,17,9,0,6,1,26
KS,Smoky Hill Education Service Center,16049052,45,44,1,9,0,36,0,2,1,42,0,38,6,1,11,1,46
KS,South Central Kansas Education Service Center,16062519,14,14,0,2,3,9,0,0,0,14,0,5,9,0,2,3,20
KS,Southeast Kansas Education Service Center,16062002,52,51,1,8,3,41,0,7,1,44,0,15,36,1,14,4,55
KS,Southwest Plains Regional Service Center,16062590,23,21,2,3,1,19,0,0,0,23,0,11,10,2,3,1,24
KY,AdTec-Administrative & Technical Consulting,16024741,4,4,0,0,0,4,0,0,0,4,0,0,4,0,0,0,4
KY,"e2e Exchange, LLC",16043595,1,1,0,0,0,1,0,0,0,1,0,0,1,0,0,0,1
KY,K12 Consultants,16043612,1,1,0,0,0,1,0,0,0,1,0,0,1,0,0,0,1
KY,Lite the Nite Technologies LLC,16072341,4,4,0,0,0,4,0,0,0,4,0,0,4,0,0,0,4
LA,Allen & Allen Consulting LLC,16060634,4,4,0,0,0,4,0,0,0,4,0,0,4,0,0,0,4
LA,Educational Professional Services,16071123,26,23,3,2,1,23,0,4,3,19,0,6,17,3,6,3,28
LA,"Education Partners Solution, Inc.",16043584,1,0,1,0,0,1,0,0,1,0,0,0,0,1,0,1,5
LA,"E-Rate 360 Solutions, LLC",16048893,1,1,0,0,1,0,0,0,0,1,0,0,1,0,0,1,1
LA,E-Rate Central,16060891,3,3,0,0,1,2,0,0,0,3,0,2,1,0,0,1,3
LA,Funds for Learning,16024808,3,3,0,0,0,3,0,2,0,1,0,1,2,0,2,0,3
LA,GETFUNDED,16057463,1,1,0,0,0,1,0,0,0,1,0,1,0,0,0,0,1
LA,"Kellogg & Sovereign Consulting, LLC",16024809,1,1,0,0,0,1,0,0,0,1,0,0,1,0,0,0,1
LA,Morrow & Morrow Inc,16062111,6,4,2,0,2,4,0,1,2,3,0,1,3,2,1,2,6
MA,Anthony Terceira,16062354,2,2,0,0,0,2,0,0,0,2,0,0,2,0,0,0,2
MA,BTU Consultants,16049611,24,24,0,2,4,18,0,4,0,20,0,19,5,0,4,4,25
MA,CAROL HOLZBERG,16062614,1,1,0,0,0,1,0,0,0,1,0,0,1,0,0,0,1
MA,Chambers Advisory Group,16062632,8,6,2,2,3,3,0,0,1,7,0,4,2,2,2,4,8
MA,CTI eRate Services,16043573,3,3,0,1,0,2,0,0,0,3,0,3,0,0,1,0,3
MA,"e2e Exchange, LLC",16043595,6,3,3,1,2,3,0,1,0,5,0,1,2,3,2,2,7
MA,Educational Consortium for Telecom Savings,16024807,9,7,2,2,1,5,1,0,0,9,0,4,3,2,2,1,11
MA,"E-Rate 360 Solutions, LLC",16048893,1,1,0,0,0,1,0,0,0,1,0,0,1,0,0,0,1
MA,E-Rate Central,16060891,1,1,0,0,0,1,0,0,0,1,0,1,0,0,0,0,1
MA,E-Rate First,16065884,1,1,0,0,0,1,0,0,0,1,0,0,1,0,0,0,1
MA,E-RATE ONLINE LLC,16048791,37,34,3,6,5,26,0,8,1,28,0,17,17,3,13,6,38
MA,"E-Rate Strategies, LLC",16052039,2,2,0,0,2,0,0,0,0,2,0,1,1,0,0,2,2
MA,Funds for Learning,16024808,2,2,0,0,0,2,0,1,0,1,0,2,0,0,1,0,2
MA,Loretta A. Santos,16076555,1,0,1,0,1,0,0,0,0,1,0,0,0,1,0,1,2
MA,Loretta Cannistraci,16082145,1,1,0,0,1,0,0,0,0,1,0,1,0,0,0,1,2
MA,ONeal Consulting,16024811,77,75,2,17,8,52,0,16,1,60,0,49,26,2,31,8,80
MA,SHERYL S. MYERS,16062434,1,1,0,1,0,0,0,0,0,1,0,0,1,0,1,0,1
MA,TECedge LLC,16052088,13,12,1,3,3,7,0,3,0,10,0,9,3,1,6,3,13
MD,E-Rate Complete,16043592,1,1,0,0,0,1,0,0,0,1,0,0,1,0,0,0,1
MD,"E-Rate Elite Services, Inc.",16024803,10,10,0,2,3,5,0,3,0,7,0,2,8,0,5,3,10
MD,Funds for Learning,16024808,1,1,0,0,0,1,0,0,0,1,0,0,1,0,0,0,1
MD,Vitech Consulting Services,16049014,4,3,1,1,0,3,0,2,0,2,0,1,2,1,3,0,8
ME,Allen J. Curtis,16061787,4,4,0,1,0,3,0,0,0,4,0,4,0,0,1,0,4
ME,Educational Consortium for Telecom Savings,16024807,9,8,1,0,3,6,0,0,1,8,0,7,1,1,0,3,10
MI,AdTec-Administrative & Technical Consulting,16024741,2,1,1,1,0,1,0,0,0,1,1,0,0,2,1,0,2
MI,BIA Erate Team,17001438,1,0,1,0,0,1,0,0,1,0,0,1,0,0,0,1,2
MI,BTU Consultants,16049611,1,1,0,0,1,0,0,0,0,1,0,0,1,0,0,1,1
MI,Convergent Technology Partners,16043571,25,18,7,1,10,14,0,3,5,17,0,11,7,7,4,11,26
MI,Elite Fund Inc,16043589,70,49,21,8,33,29,0,13,7,50,0,29,20,21,21,34,78
MI,Judy Bright,16062496,3,3,0,0,0,3,0,1,0,2,0,3,0,0,1,0,3
MI,LJS & Associates,16043629,2,0,2,0,2,0,0,0,1,1,0,0,0,2,0,2,2
MI,"Phoenix Educational, Inc.",16043655,1,1,0,0,1,0,0,0,0,1,0,0,1,0,0,1,1
MI,RMS Associates LLC,16054722,8,4,4,0,7,1,0,0,2,6,0,3,1,4,0,7,8
MI,Techplex,16043676,15,14,1,2,6,7,0,4,0,11,0,12,2,1,5,6,15
MI,Telecomp Solutions,16062050,15,11,4,2,7,6,0,1,2,11,1,8,3,4,3,7,15
MI,Telesolutions Consultants LLC,16043677,1,0,1,1,0,0,0,0,1,0,0,0,0,1,1,1,1
MI,Triple R Consultants,16055924,37,17,20,1,25,11,0,2,17,18,0,17,0,20,3,26,44
MN,"ARROWHEAD REGIONAL COMPUTING CONSORTIUM, RMIC REGION II",16062657,28,27,1,0,3,25,0,4,0,23,1,22,5,1,4,3,28
MN,BIA Erate Team,17001438,2,0,2,0,0,2,0,0,2,0,0,1,0,1,0,2,3
MN,CSM Consulting Inc.,16043564,1,0,1,0,1,0,0,0,1,0,0,0,0,1,0,1,1
MN,Dakota Academic Consulting,16062227,1,1,0,0,0,1,0,0,0,1,0,1,0,0,0,0,1
MN,"Data Core Engineering, Inc.",16043575,2,2,0,1,1,0,0,0,0,2,0,0,2,0,1,1,2
MN,"e2e Exchange, LLC",16043595,1,1,0,0,0,1,0,0,0,1,0,0,1,0,0,0,1
MN,Educational Consortium for Telecom Savings,16024807,1,1,0,0,0,1,0,0,0,1,0,0,1,0,0,0,1
MN,Elert & Associates,16043588,1,1,0,0,0,1,0,1,0,0,0,0,1,0,1,0,1
MN,E-Rate Advantage,16060670,1,1,0,0,0,1,0,0,0,1,0,1,0,0,0,0,1
MN,"E-RATE AND EDUCATIONAL SERVICES, LLC.",16062408,1,1,0,0,0,1,0,0,0,1,0,1,0,0,0,0,1
MN,E-Rate Central,16060891,1,1,0,0,0,1,0,0,0,1,0,1,0,0,0,0,1
MN,E-Rate Complete,16043592,25,22,3,3,8,14,0,2,2,21,0,11,11,3,3,8,26
MN,"ERateProgram, LLC",16048902,1,1,0,0,0,1,0,0,0,1,0,0,1,0,0,0,1
MN,Fazil Bhimani,16062645,63,58,5,3,21,39,0,6,4,52,1,29,29,5,8,22,72
MN,OReilly-Consulting,16063743,1,1,0,0,0,1,0,0,0,1,0,1,0,0,0,0,1
MN,SKOGEN EDUCATIONAL SERVICES CONSULTANT,16062829,3,3,0,0,0,3,0,0,0,3,0,2,1,0,0,0,3
MN,SWWC Service Cooperative E-Rate Consulting,16062435,4,4,0,1,0,3,0,0,0,4,0,1,3,0,1,0,4
MO,"ADS Advanced Data Services, Inc.",16049151,1,1,0,0,1,0,0,0,0,1,0,1,0,0,0,1,1
MO,AJD Consulting Services,16062967,2,2,0,0,1,1,0,0,0,2,0,0,2,0,0,1,2
MO,"Basic Production Services, Ltd.",17000490,2,2,0,0,0,2,0,0,0,2,0,1,1,0,0,0,2
MO,BTU Consultants,16049611,5,5,0,0,0,5,0,2,0,3,0,3,2,0,2,0,5
MO,CRW Consulting,16024800,23,20,3,1,4,18,0,4,1,18,0,7,13,3,5,5,24
MO,CSM Consulting Inc.,16043564,3,3,0,0,2,1,0,0,0,3,0,2,1,0,0,2,3
MO,CTI eRate Services,16043573,2,2,0,0,0,2,0,0,0,2,0,1,1,0,0,0,2
MO,"e2e Exchange, LLC",16043595,6,5,1,2,2,2,0,1,0,5,0,3,2,1,2,2,7
MO,Educational Consortium for Telecom Savings,16024807,3,3,0,0,1,2,0,0,0,3,0,3,0,0,0,1,3
MO,"E-Rate 360 Solutions, LLC",16048893,2,2,0,0,0,2,0,0,0,2,0,2,0,0,0,0,2
MO,E-Rate Central,16060891,1,0,1,0,1,0,0,0,1,0,0,0,0,1,0,1,1
MO,"E-Rate Funding Services, LLC",16082747,1,1,0,0,1,0,0,0,0,1,0,1,0,0,0,1,1
MO,E-Rate Funding Solutions LLC,16070846,4,4,0,0,0,4,0,1,0,3,0,1,3,0,1,0,5
MO,E-Rate Professional$.com,16062265,2,2,0,0,0,2,0,0,0,2,0,0,2,0,0,0,2
MO,"ERateProgram, LLC",16048902,64,52,12,5,24,35,0,14,4,43,3,12,40,12,16,24,70
MO,E-Rate Services LLC,16060902,1,1,0,0,0,1,0,0,0,1,0,1,0,0,0,0,1
MO,Federal Funds Assistant,16062923,2,2,0,0,0,2,0,0,0,2,0,2,0,0,0,0,2
MO,Federal Program Consulting Inc,16060500,7,7,0,0,1,6,0,1,0,6,0,5,2,0,1,1,7
MO,Fred Norman,17000231,11,11,0,2,1,8,0,3,0,8,0,5,6,0,4,1,12
MO,Funds for Learning,16024808,1,1,0,0,0,1,0,0,0,1,0,1,0,0,0,0,1
MO,Joseph Kreta,16074910,1,1,0,1,0,0,0,0,0,1,0,0,1,0,1,0,1
MO,"K12 Funds, LLC",16080167,2,2,0,0,1,1,0,0,0,2,0,2,0,0,0,1,2
MO,"Kellogg & Sovereign Consulting, LLC",16024809,1,1,0,0,0,1,0,0,0,1,0,1,0,0,0,0,2
MO,"MJE ERATE Services, LLC",16079806,1,1,0,0,0,1,0,0,0,1,0,1,0,0,0,0,1
MO,Robert Barnes,17005681,1,1,0,0,0,1,0,1,0,0,0,1,0,0,1,0,2
MS,Janice Russell,16062217,2,2,0,0,0,2,0,0,0,2,0,2,0,0,0,0,2
MS,"Kellogg & Sovereign Consulting, LLC",16024809,4,3,1,0,2,2,0,0,0,4,0,2,1,1,0,2,4
MS,Lesley Mukoro,17002951,1,0,1,1,0,0,0,0,1,0,0,0,0,1,1,1,3
MS,MILLENNIUM CONSULTING SERVICE,16062456,1,1,0,0,0,1,0,0,0,1,0,1,0,0,0,0,1
MS,"Rodabough Education Group, LLC",16081692,11,9,2,0,2,9,0,0,0,11,0,8,1,2,0,2,13
MT,"E-Rate 360 Solutions, LLC",16048893,1,1,0,0,0,1,0,0,0,1,0,0,1,0,0,0,2
MT,E-Rate Central,16060891,1,1,0,0,0,1,0,1,0,0,0,0,1,0,1,0,1
MT,"E-Rate Program Management, LLC",17000083,27,27,0,6,0,21,0,0,0,27,0,22,5,0,6,0,27
MT,Jack Sterling,16062215,109,105,4,27,8,74,0,5,2,102,0,91,15,3,29,9,110
MT,John Hubley,16062228,50,48,2,19,2,29,0,9,0,41,0,23,25,2,25,2,54
MT,Montana Association of School Business Officials,16075381,8,8,0,6,0,2,0,1,0,7,0,5,3,0,6,0,8
NC,"Clarity Solutions, Inc.",16024799,5,5,0,0,0,5,0,0,0,5,0,1,4,0,0,0,5
NC,Educational Consortium for Telecom Savings,16024807,2,1,1,0,1,1,0,0,0,2,0,0,1,1,0,1,3
NC,Epic Communications,16048924,2,2,0,0,0,2,0,2,0,0,0,0,2,0,2,0,3
NC,"E-Rate Elite Services, Inc.",16024803,1,1,0,0,0,1,0,1,0,0,0,0,1,0,1,0,1
NC,E-Rate Services LLC,16060902,10,10,0,0,0,10,0,0,0,10,0,0,10,0,0,0,10
NC,Jim Ross,16062851,2,2,0,0,0,2,0,0,0,2,0,0,2,0,0,0,2
NC,Morrow & Morrow Inc,16062111,1,1,0,0,0,1,0,0,0,1,0,0,1,0,0,0,1
NC,New Hope Technology Foundation,16054699,16,16,0,1,0,15,0,1,0,15,0,0,16,0,2,0,17
NC,Service Associates Inc,16043663,1,1,0,0,0,1,0,0,0,1,0,0,1,0,0,0,2
ND,BTU Consultants,16049611,1,1,0,0,0,1,0,0,0,1,0,1,0,0,0,0,1
ND,E-Rate Complete,16043592,1,0,1,0,1,0,0,0,1,0,0,0,0,1,0,1,1
ND,Federal Funds Assistant,16062923,1,1,0,0,0,1,0,0,0,1,0,0,1,0,0,0,1
ND,Jack Sterling,16062215,1,0,1,0,1,0,0,0,1,0,0,0,0,1,0,1,1
NE,CRW Consulting,16024800,1,1,0,0,1,0,0,0,0,1,0,1,0,0,0,1,1
NE,Educational Consortium for Telecom Savings,16024807,5,4,1,1,1,3,0,0,0,5,0,3,1,1,1,1,6
NE,EDUCATIONAL SERVICE UNIT 10,16062372,26,26,0,1,2,23,0,0,0,26,0,18,8,0,1,2,31
NE,EDUCATIONAL SERVICE UNIT NO 11,16062031,7,7,0,0,1,6,0,0,0,7,0,7,0,0,0,1,7
NE,EDUCATIONAL SERVICE UNIT NO. 13,16063166,7,5,2,3,3,1,0,0,2,5,0,4,1,2,3,3,12
NE,"E-Rate 360 Solutions, LLC",16048893,1,0,1,0,1,0,0,0,1,0,0,0,0,1,0,1,1
NE,E-Rate Complete,16043592,1,1,0,0,1,0,0,1,0,0,0,0,1,0,1,1,1
NE,E-Rate Funding Solutions LLC,16070846,1,0,1,0,1,0,0,0,0,1,0,0,0,1,0,1,1
NE,ESU 5 Erate Services,17000014,49,49,0,1,10,38,0,0,0,49,0,49,0,0,1,10,54
NE,Mary Gurney,17001967,8,8,0,2,2,4,0,0,0,8,0,5,3,0,2,2,13
NE,SNDEN Consultant,17008823,3,2,1,1,1,1,0,0,0,3,0,0,2,1,1,1,3
NH,Allen J. Curtis,16061787,3,3,0,1,0,2,0,1,0,2,0,2,1,0,1,0,4
NH,CTI eRate Services,16043573,1,1,0,0,0,1,0,0,0,1,0,1,0,0,0,0,1
NH,"e2e Exchange, LLC",16043595,7,5,2,3,2,2,0,0,1,6,0,2,3,2,3,2,7
NH,Educational Consortium for Telecom Savings,16024807,3,2,1,1,0,2,0,0,0,3,0,2,0,1,1,0,3
NH,Epic Communications,16048924,5,4,1,1,1,3,0,1,0,4,0,4,0,1,1,1,6
NH,E-Rate Central,16060891,2,2,0,0,0,2,0,0,0,2,0,1,1,0,0,0,2
NH,"E-Rate Elite Services, Inc.",16024803,1,1,0,0,1,0,0,1,0,0,0,1,0,0,1,1,1
NH,E-RATE ONLINE LLC,16048791,3,2,1,0,1,2,0,0,0,3,0,0,2,1,0,1,3
NH,"E-Rate Strategies, LLC",16052039,10,8,2,2,1,7,0,2,1,7,0,8,0,2,4,1,11
NH,Federal Funds Assistant,16062923,1,1,0,0,0,1,0,0,0,1,0,1,0,0,0,0,1
NH,MONDAVI DESIGN,16061991,1,1,0,1,0,0,0,1,0,0,0,1,0,0,1,0,1
NH,ONeal Consulting,16024811,3,3,0,1,1,1,0,0,0,3,0,2,1,0,1,1,4
NH,On-Tech Consulting Inc,16043646,2,2,0,1,0,1,0,1,0,1,0,1,1,0,1,0,2
NJ,Alemar Consulting,16024740,3,3,0,0,0,3,0,1,0,2,0,0,3,0,1,0,3
NJ,Brian Tomlinson,16076737,2,1,1,0,1,1,0,0,1,1,0,1,0,1,0,2,6
NJ,Bruce Cerra CPA,16062911,2,1,1,0,2,0,0,0,1,1,0,0,1,1,0,2,2
NJ,BTU Consultants,16049611,6,5,1,0,1,5,0,1,0,5,0,3,2,1,1,1,6
NJ,CRW Consulting,16024800,1,1,0,0,0,1,0,0,0,1,0,0,1,0,0,0,1
NJ,"e2e Exchange, LLC",16043595,150,96,54,49,44,57,0,16,27,103,4,62,34,54,59,53,162
NJ,Educational Consortium for Telecom Savings,16024807,86,81,5,11,13,62,0,7,3,76,0,61,20,5,17,14,86
NJ,Epic Communications,16048924,2,1,1,0,1,1,0,0,0,2,0,1,0,1,0,1,2
NJ,"E-Rate 360 Solutions, LLC",16048893,7,6,1,0,2,5,0,2,0,4,1,1,5,1,2,2,7
NJ,E-Rate Advantage,16060670,4,4,0,0,2,2,0,0,0,4,0,3,1,0,0,2,5
NJ,E-Rate Central,16060891,1,1,0,0,0,1,0,0,0,1,0,1,0,0,0,0,1
NJ,Erate Compliance,16062554,1,1,0,0,0,1,0,0,0,1,0,1,0,0,0,0,1
NJ,E-Rate Consulting Inc.,16043594,41,35,6,2,12,27,0,3,6,32,0,14,21,6,5,12,45
NJ,"E-Rate Elite Services, Inc.",16024803,4,2,2,0,2,2,0,0,1,3,0,1,1,2,0,2,4
NJ,Erate Exchange LLC,16043595,1,1,0,1,0,0,0,0,0,1,0,1,0,0,1,0,1
NJ,E-Rate First,16065884,1,1,0,0,0,1,0,0,0,1,0,1,0,0,0,0,1
NJ,E-RATE ONLINE LLC,16048791,9,8,1,1,2,6,0,0,0,9,0,6,2,1,1,2,9
NJ,E-Rate Partners LLC,16060898,48,42,6,8,12,28,0,6,3,39,0,27,15,6,13,12,49
NJ,E-Rate Professional$.com,16062265,1,1,0,0,0,1,0,0,0,1,0,0,1,0,0,0,1
NJ,"ERateProgram, LLC",16048902,1,1,0,0,0,1,0,0,0,1,0,0,1,0,0,0,1
NJ,E Rate Solutions Group Inc,16043598,6,6,0,1,1,4,0,0,0,6,0,2,4,0,1,1,6
NJ,"E-Rate Strategies, LLC",16052039,1,0,1,0,0,1,0,0,0,1,0,0,0,1,0,0,1
NJ,Federal Funds Assistant,16062923,1,1,0,0,0,1,0,0,0,1,0,1,0,0,0,0,1
NJ,Funds for Learning,16024808,1,1,0,0,0,1,0,0,0,1,0,0,1,0,0,0,3
NJ,"Kellogg & Sovereign Consulting, LLC",16024809,1,1,0,0,0,1,0,0,0,1,0,0,1,0,0,0,1
NJ,MICHAEL FOSTER,16062654,2,2,0,1,0,1,0,0,0,2,0,1,1,0,1,0,2
NJ,On-Tech Consulting Inc,16043646,68,58,10,12,17,39,0,3,5,60,0,38,20,10,15,19,70
NJ,RTC/TRMG,16054718,12,11,1,3,1,8,0,1,0,11,0,8,3,1,3,1,12
NJ,"Sutherland Consulting Group, Inc. DBA EdTechnologyFunds, Inc.",16060507,1,1,0,0,0,1,0,0,0,1,0,0,1,0,0,0,1
NM,"ADS Advanced Data Services, Inc.",16049151,2,1,1,0,0,2,0,1,1,0,0,1,0,1,1,1,3
NM,BIA Erate Team,17001438,2,0,2,1,0,1,0,0,2,0,0,0,1,1,1,2,2
NM,"E-Rate 360 Solutions, LLC",16048893,2,1,1,1,0,1,0,1,1,0,0,1,0,1,1,1,3
NM,E-Rate Central,16060891,21,19,2,0,1,20,0,6,0,15,0,3,16,2,6,1,27
NM,E-Rate Consulting LLC,16062128,1,1,0,0,0,1,0,0,0,1,0,0,1,0,0,0,1
NM,ETECHCO INC,16061978,3,3,0,1,0,2,0,1,0,2,0,1,2,0,1,0,3
NM,Funds for Learning,16024808,5,5,0,0,0,5,0,2,0,3,0,1,4,0,2,0,5
NM,GETFUNDED,16057463,3,3,0,1,1,1,0,0,0,3,0,0,3,0,1,1,3
NM,International Computer Corporation,16062109,3,1,2,0,1,2,0,0,1,2,0,0,1,2,0,2,6
NM,Regional Educational Cooperative #6,17001359,1,1,0,0,0,1,0,0,0,1,0,1,0,0,0,0,1
NM,Right Click Technology Management Services,16071594,2,1,1,0,0,2,0,0,1,1,0,1,0,1,0,1,2
NM,Telcom Solutions Inc.,16063266,1,1,0,0,0,1,0,0,0,1,0,0,1,0,0,0,1
NV,BIA Erate Team,17001438,1,0,1,0,0,1,0,0,1,0,0,0,0,1,0,1,2
NV,"e2e Exchange, LLC",16043595,1,1,0,0,0,1,0,1,0,0,0,0,1,0,1,0,1
NV,Educational Consortium for Telecom Savings,16024807,4,4,0,3,1,0,0,2,0,2,0,3,1,0,4,1,4
NV,"E-Rate 360 Solutions, LLC",16048893,2,2,0,1,0,1,0,0,0,2,0,1,1,0,1,0,2
NV,"E-Rate Elite Services, Inc.",16024803,5,5,0,3,0,2,0,1,0,4,0,2,3,0,3,0,5
NV,Joseph Kreta,16074910,1,1,0,1,0,0,0,0,0,1,0,1,0,0,1,0,1
NV,Nicole Radoumis,16072253,1,1,0,1,0,0,0,0,0,1,0,0,1,0,1,0,1
NV,Phillip D Seager,16066478,1,1,0,0,0,1,0,0,0,1,0,1,0,0,0,0,1
NV,Sherri Martinez,16075152,1,1,0,0,0,1,0,0,0,1,0,1,0,0,0,0,1
NY,COKER CONSULTING,16062020,1,1,0,0,0,1,0,0,0,1,0,0,1,0,0,0,1
NY,Dutchess BOCES,16062760,6,6,0,0,0,6,0,2,0,4,0,4,2,0,2,0,6
NY,"e2e Exchange, LLC",16043595,48,36,12,6,13,29,0,11,7,30,0,4,32,12,15,14,49
NY,Educational Funding Group,16043587,2,2,0,0,0,2,0,1,0,1,0,1,1,0,1,0,2
NY,E-Rate Advantage,16060670,1,1,0,0,0,1,0,0,0,1,0,1,0,0,0,0,1
NY,E-Rate Central,16060891,90,74,16,3,27,60,0,18,6,64,2,44,30,16,20,27,97
NY,Erate Compliance,16062554,6,6,0,0,2,4,0,1,0,5,0,1,5,0,1,2,6
NY,E-Rate Partners LLC,16060898,9,7,2,0,0,9,0,0,0,9,0,4,3,2,0,0,9
NY,"E-Rate Strategies, LLC",16052039,1,1,0,0,0,1,0,0,0,1,0,0,1,0,0,0,1
NY,Erie 1 BOCES E-Rate Consultants,16079721,8,8,0,2,3,3,0,1,0,7,0,7,1,0,3,3,8
NY,ESC Region 12 E-Rate Consulting,16062048,1,1,0,0,1,0,0,1,0,0,0,1,0,0,1,1,1
NY,Federal Program Consulting Inc,16060500,1,1,0,0,1,0,0,0,0,1,0,0,1,0,0,1,1
NY,GV/WFL Educational Technology Service,16067374,5,3,2,0,3,2,0,0,2,3,0,2,1,2,0,3,5
NY,"Integra Consulting & Computer Services, Inc",16043607,17,14,3,1,6,10,0,8,1,8,0,7,7,3,9,6,18
NY,Millennium Strategies LLC,16049542,1,1,0,0,0,1,0,0,0,1,0,1,0,0,0,0,1
NY,MONDAVI DESIGN,16061991,1,1,0,0,0,1,0,0,0,1,0,1,0,0,0,0,1
NY,NEW ENGLAND SYSTEMS & SOFTWARE INC,16061990,1,1,0,0,0,1,0,0,0,1,0,1,0,0,0,0,1
NY,OCM BOCES / CNYRIC,16081505,5,5,0,1,0,4,0,0,0,5,0,4,1,0,1,0,5
NY,TELETECH ASSOCIATES INC,16062022,2,1,1,1,0,1,0,0,1,1,0,1,0,1,1,1,2
OH,AdTec-Administrative & Technical Consulting,16024741,7,6,1,0,3,4,0,2,0,5,0,5,1,1,2,3,8
OH,"BAZ Group, Inc.",16063924,2,2,0,0,0,2,0,0,0,2,0,1,1,0,0,0,3
OH,BTU Consultants,16049611,1,1,0,0,0,1,0,0,0,1,0,1,0,0,0,0,1
OH,CTI eRate Services,16043573,1,1,0,0,1,0,0,0,0,1,0,1,0,0,0,1,1
OH,"e2e Exchange, LLC",16043595,11,6,5,0,7,4,0,1,5,5,0,2,4,5,1,8,14
OH,Educational Consortium for Telecom Savings,16024807,36,32,4,1,13,22,0,6,2,28,0,18,14,4,7,14,37
OH,Educational Funding Group,16043587,71,67,4,2,15,54,0,10,1,60,0,47,20,4,11,15,77
OH,Epic Communications,16048924,1,1,0,0,0,1,0,0,0,1,0,1,0,0,0,0,1
OH,ERATE911,16067251,4,2,2,0,3,1,0,2,1,1,0,1,1,2,2,3,5
OH,E-Rate Advantage,16060670,2,2,0,0,0,2,0,1,0,1,0,1,1,0,1,0,2
OH,E-Rate Central,16060891,12,9,3,0,5,7,0,2,2,8,0,3,6,3,2,5,13
OH,E-Rate Connection,16062162,39,34,5,0,10,29,0,4,2,31,2,25,9,5,4,10,42
OH,E-Rate First,16065884,1,1,0,0,0,1,0,0,0,1,0,1,0,0,0,0,1
OH,E-Rate Professional$.com,16062265,1,1,0,0,0,1,0,0,0,1,0,0,1,0,0,0,1
OH,Federal Funds Assistant,16062923,1,1,0,0,0,1,0,0,0,1,0,0,1,0,0,0,1
OH,Funds for Learning,16024808,2,1,1,0,1,1,0,0,1,1,0,1,0,1,0,1,3
OH,JR FUNDING SUPPORT SERVICES,16062455,23,21,2,0,5,18,0,7,1,14,1,8,13,2,7,5,25
OH,KMM Consulting,16075391,2,0,2,0,2,0,0,0,0,2,0,0,0,2,0,2,2
OH,ONeal Consulting,16024811,1,0,1,0,1,0,0,0,1,0,0,0,0,1,0,1,1
OH,Strategic Management Solutions,16054698,122,113,9,1,33,88,0,20,6,96,0,64,49,9,21,34,129
OH,WILLIAM D NEWSTED LLC,17005203,6,6,0,0,1,5,0,1,0,5,0,4,2,0,1,1,6
OK,Anita Washmon,16062438,5,5,0,1,0,4,0,2,0,3,0,2,3,0,2,0,6
OK,Claborn Services LLC,16062431,9,9,0,0,1,8,0,0,0,9,0,4,5,0,0,1,9
OK,COLLECT-ED LLC,16062522,7,7,0,1,1,5,0,0,0,7,0,5,1,1,1,1,7
OK,CRW Consulting,16024800,108,88,20,3,6,99,0,8,4,96,0,26,62,20,9,8,119
OK,Darrell Hatfield,16079874,2,2,0,0,1,1,0,0,0,2,0,0,2,0,0,1,2
OK,Eastern Oklahoma E-Rate Service,16043579,41,39,2,3,2,36,0,5,1,35,0,11,28,2,8,2,46
OK,Funds for Learning,16024808,4,3,1,0,0,4,0,0,1,3,0,1,2,1,0,1,4
OK,"Kellogg & Sovereign Consulting, LLC",16024809,224,202,22,9,14,201,0,20,6,198,0,83,120,21,28,17,270
OK,"My E-Rate Guy, LLC",16043637,3,3,0,1,1,1,0,0,0,3,0,1,2,0,1,1,3
OR,"DAVTEUT, LLC",17003165,2,2,0,1,0,1,0,0,0,2,0,2,0,0,1,0,2
OR,"e2e Exchange, LLC",16043595,1,1,0,0,0,1,0,0,0,1,0,0,1,0,0,0,1
OR,eDimension LLC,16043582,1,1,0,0,0,1,0,1,0,0,0,1,0,0,1,0,1
OR,Educational Consortium for Telecom Savings,16024807,2,2,0,1,0,1,0,0,0,2,0,2,0,0,1,0,2
OR,"E-Rate 360 Solutions, LLC",16048893,3,1,2,0,2,1,0,1,2,0,0,1,0,2,1,2,3
OR,E-Rate Central,16060891,1,1,0,0,0,1,0,0,0,1,0,1,0,0,0,0,1
OR,"ERateProgram, LLC",16048902,1,1,0,0,0,1,0,0,0,1,0,1,0,0,0,0,1
OR,Funds for Learning,16024808,5,4,1,0,3,2,0,2,1,2,0,2,2,1,2,3,8
OR,INTERMOUNTAIN ESD,16062054,50,45,5,10,5,34,1,4,2,44,0,32,13,5,13,6,51
OR,"Rogue Valley Accounting, LLC",16067745,1,1,0,1,0,0,0,1,0,0,0,0,1,0,1,0,1
OR,South Coast ESD Region 7 - Consulting,16063099,6,6,0,1,0,5,0,2,0,4,0,3,3,0,2,0,6
OR,Willamette ESD,16062345,17,16,1,4,1,12,0,3,1,13,0,11,5,1,6,2,18
PA,AdvanEdge Solutions Inc. / Intelafunds,16061996,4,3,1,0,1,3,0,1,0,3,0,3,0,1,1,1,4
PA,ADVANEDGE SOLUTIONS INC / INTELAFUNDS,16061996,4,4,0,1,0,3,0,0,0,4,0,4,0,0,1,0,4
PA,Berks County Intermediate Unit,16065998,10,9,1,0,4,6,0,1,0,8,1,0,9,1,1,4,10
PA,BLaST Intermediate Unit 17,16062691,2,1,1,0,1,1,0,0,1,1,0,1,0,1,0,1,2
PA,BTU Consultants,16049611,2,2,0,0,0,2,0,1,0,1,0,2,0,0,1,0,2
PA,CAIU,17004578,1,1,0,0,0,1,0,0,0,1,0,1,0,0,0,0,1
PA,Central Susquehanna Intermediate Unit,16043565,30,14,16,0,17,13,0,4,7,18,1,7,7,16,4,19,47
PA,CLIU #21 Consortium CRN,17003585,14,13,1,0,2,12,0,0,1,13,0,12,1,1,0,2,25
PA,CSM Consulting Inc.,16043564,7,6,1,1,3,3,0,0,0,7,0,6,0,1,1,3,8
PA,"DEBRA M. KRIETE, ESQ.",16043864,17,15,2,0,4,13,0,1,1,15,0,13,2,2,1,4,19
PA,"e2e Exchange, LLC",16043595,3,3,0,0,1,2,0,1,0,2,0,2,1,0,1,1,3
PA,"EDTECH STRATEGIES, LLC",16062713,1,1,0,0,0,1,0,0,0,1,0,1,0,0,0,0,1
PA,Educational Consortium for Telecom Savings,16024807,36,26,10,2,13,21,0,5,6,25,0,20,6,10,7,14,39
PA,Educational Funding Group,16043587,2,2,0,0,0,2,0,0,0,2,0,2,0,0,0,0,3
PA,E. F. Holtz Company,16062642,1,0,1,0,1,0,0,0,0,1,0,0,0,1,0,1,2
PA,Epic Communications,16048924,20,16,4,0,10,10,0,4,3,13,0,9,7,4,4,10,22
PA,E-RATE ONLINE LLC,16048791,4,2,2,0,2,2,0,1,0,2,1,2,0,2,1,2,4
PA,"FABReporting Solutions, LLC",17000530,1,1,0,0,1,0,0,0,0,1,0,1,0,0,0,1,1
PA,Funds for Learning,16024808,1,1,0,0,0,1,0,1,0,0,0,0,1,0,1,0,2
PA,Intermediate Unit One,16062583,12,9,3,2,3,7,0,0,2,9,1,7,2,3,2,3,12
PA,Lincoln Intermediate Unit 12 - Erate Consulting Services,16062405,2,2,0,1,0,1,0,0,0,2,0,2,0,0,1,0,3
PA,Midwestern Intermediate Unit IV,16063093,1,1,0,0,0,1,0,0,0,1,0,1,0,0,0,0,1
PA,Montgomery County Intermediate Unit,16065638,7,1,6,0,6,1,0,0,1,6,0,1,0,6,0,6,9
PA,The KSL Group,16043680,7,7,0,2,0,5,0,2,0,5,0,3,4,0,4,0,7
PA,Tritt Schell Consulting Services,16043685,15,13,2,0,4,11,0,2,1,12,0,10,3,2,2,4,18
PA,Tuscarora Intermediate Unit 11,16065090,2,0,2,1,1,0,0,0,2,0,0,0,0,2,1,2,2
PA,"Van Strien Consulting, LLC",16062586,10,10,0,1,1,8,0,1,0,9,0,9,1,0,2,1,11
RI,Anthony Terceira,16062354,10,10,0,0,0,10,0,1,0,9,0,1,9,0,1,0,13
RI,Educational Consortium for Telecom Savings,16024807,2,2,0,0,0,2,0,0,0,2,0,0,2,0,0,0,2
RI,E-Rate Central,16060891,1,1,0,0,0,1,0,0,0,1,0,0,1,0,0,0,1
RI,E-RATE ONLINE LLC,16048791,6,6,0,0,0,6,0,0,0,6,0,0,6,0,0,0,8
RI,TECedge LLC,16052088,1,1,0,0,0,1,0,1,0,0,0,0,1,0,1,0,2
SC,Epic Communications,16048924,1,1,0,0,0,1,0,0,0,1,0,0,1,0,0,0,1
SC,Funds for Learning,16024808,2,2,0,0,0,2,0,0,0,2,0,0,2,0,0,0,2
SC,Service Associates Inc,16043663,1,1,0,0,1,0,0,0,0,1,0,0,1,0,0,1,1
SD,BIA Erate Team,17001438,1,0,1,1,0,0,0,0,1,0,0,0,1,0,1,1,2
SD,Dakota Academic Consulting,16062227,9,6,3,1,3,5,0,0,2,7,0,4,2,3,1,5,10
SD,"E-RATE AND EDUCATIONAL SERVICES, LLC.",16062408,2,2,0,2,0,0,0,0,0,2,0,1,1,0,2,0,2
SD,E-Rate Complete,16043592,14,2,12,5,6,3,0,0,8,6,0,3,0,11,5,11,15
SD,Tech Funds Inc,16043671,1,0,1,0,1,0,0,0,1,0,0,0,0,1,0,1,2
TN,Allen & Allen Consulting LLC,16060634,15,15,0,0,0,15,0,0,0,15,0,0,15,0,0,0,19
TN,CSM Consulting Inc.,16043564,8,8,0,0,2,6,0,1,0,7,0,0,8,0,1,2,13
TN,Educational Consortium for Telecom Savings,16024807,1,1,0,0,0,1,0,1,0,0,0,0,1,0,1,0,1
TN,Epic Communications,16048924,3,3,0,0,1,2,0,0,0,3,0,0,3,0,0,1,3
TN,K12 Consultants,16043612,1,1,0,0,0,1,0,0,0,1,0,0,1,0,0,0,1
TN,"Kellogg & Sovereign Consulting, LLC",16024809,1,1,0,0,0,1,0,0,0,1,0,0,1,0,0,0,1
TN,Swope Educational Consulting,16062272,13,13,0,0,1,12,0,0,0,13,0,0,13,0,0,1,15
TX,"ADS Advanced Data Services, Inc.",16049151,1,1,0,0,0,1,0,1,0,0,0,0,1,0,1,0,1
TX,Alvin Myers,17006481,1,1,0,0,0,1,0,1,0,0,0,0,1,0,1,0,1
TX,Avant Services,16063639,2,1,1,0,1,1,0,0,1,1,0,1,0,1,0,2,4
TX,Cathy Morton,16062211,65,62,3,14,4,47,0,8,1,56,0,4,58,3,20,4,77
TX,COLLECT-ED LLC,16062522,23,23,0,1,1,21,0,2,0,21,0,5,14,4,3,1,24
TX,CRW Consulting,16024800,40,38,2,2,4,34,0,5,2,33,0,8,30,2,7,5,41
TX,CSM Consulting Inc.,16043564,1,1,0,0,0,1,0,0,0,1,0,0,1,0,0,0,2
TX,Debbie Dempsay,16073887,2,2,0,0,0,2,0,0,0,2,0,0,2,0,0,0,2
TX,"e2e Exchange, LLC",16043595,4,3,1,1,2,1,0,1,1,2,0,0,3,1,2,2,4
TX,Eastern Oklahoma E-Rate Service,16043579,1,1,0,0,0,1,0,0,0,1,0,0,1,0,0,0,1
TX,Educational Consortium for Telecom Savings,16024807,11,11,0,2,1,8,0,2,0,9,0,3,8,0,3,1,11
TX,"Educational Planners, Inc.",16081740,7,5,2,4,0,3,0,1,1,5,0,0,5,2,4,1,9
TX,"Education Partners Solution, Inc.",16043584,6,5,1,0,1,5,0,1,1,4,0,1,4,1,1,1,11
TX,"Education Service Center, Region 2",16067381,24,24,0,2,4,18,0,3,0,21,0,11,13,0,5,4,25
TX,ELLEN YATES,16062577,1,1,0,0,0,1,0,0,0,1,0,0,1,0,0,0,1
TX,Epic Communications,16048924,1,1,0,0,0,1,0,0,0,1,0,0,1,0,0,0,1
TX,"E-Rate 360 Solutions, LLC",16048893,6,5,1,2,1,3,0,2,0,4,0,1,4,1,3,1,6
TX,E-Rate Central,16060891,8,8,0,0,3,5,0,0,0,8,0,2,6,0,0,3,9
TX,E-Rate Consulting Specialists Inc,16049024,30,30,0,7,1,22,0,6,0,24,0,6,24,0,11,1,33
TX,"E-Rate Elite Services, Inc.",16024803,5,5,0,1,0,4,0,2,0,3,0,2,3,0,3,0,5
TX,Erate Management Group,16054660,18,15,3,3,3,12,0,3,1,14,0,5,10,3,6,3,27
TX,E-RATE ONLINE LLC,16048791,1,1,0,0,0,1,0,0,0,1,0,0,1,0,0,0,2
TX,"ERateProgram, LLC",16048902,1,1,0,0,1,0,0,0,0,1,0,0,1,0,0,1,1
TX,"eRate Solutions, L.L.C.",16024804,1,1,0,1,0,0,0,0,0,1,0,0,1,0,1,0,1
TX,ESC Region 12 E-Rate Consulting,16062048,150,141,9,15,27,108,0,21,4,125,0,33,108,9,31,29,158
TX,ESC Region 14,16075308,13,10,3,8,0,5,0,2,0,11,0,3,7,3,10,0,19
TX,Federal Funds Assistant,16062923,2,2,0,0,0,2,0,0,0,2,0,0,2,0,0,0,2
TX,Funds for Learning,16024808,6,6,0,0,0,6,0,0,0,6,0,1,5,0,0,0,8
TX,Janie Livas,16062984,1,0,1,0,1,0,0,0,0,1,0,0,0,1,0,1,1
TX,John Allen McDaniel,16062722,4,3,1,0,1,3,0,0,1,3,0,2,1,1,0,1,6
TX,"Kellogg & Sovereign Consulting, LLC",16024809,16,10,6,0,4,12,0,1,3,12,0,3,7,6,1,5,20
TX,Lanier Consulting and Technology  Services,16062343,4,4,0,0,0,4,0,0,0,4,0,1,3,0,0,0,4
TX,Mecheal Dickerson,16082378,3,3,0,0,0,3,0,0,0,3,0,0,3,0,0,0,3
TX,"My E-Rate Guy, LLC",16043637,2,2,0,0,1,1,0,1,0,1,0,0,2,0,1,1,2
TX,New Hope Technology Foundation,16054699,1,1,0,0,0,1,0,0,0,1,0,0,1,0,0,0,2
TX,"Pathway Solutions, LLC",16063584,1,1,0,0,0,1,0,1,0,0,0,0,1,0,1,0,1
TX,PEGGY YORK,16062394,12,12,0,4,0,8,0,2,0,10,0,1,11,0,6,0,12
TX,REGION III EDUCATION SERVICE CENTER- BUSINESS ADMINISTRATION,16062696,23,19,4,10,1,12,0,6,2,15,0,3,16,4,12,3,23
TX,Ricardo Gonzalez,17000635,1,1,0,0,0,1,0,0,0,1,0,1,0,0,0,0,1
TX,ROSEMARY WHITTEN,16062823,1,1,0,0,0,1,0,0,0,1,0,0,1,0,0,0,1
TX,Technology Prescriptive Inc,16062356,1,1,0,0,0,1,0,0,0,1,0,1,0,0,0,0,1
TX,TEXAS EDUCATIONAL CONSULTATIVE SERVICES TECS,16061983,10,7,3,3,3,3,1,4,1,5,0,1,6,3,5,3,10
TX,Texserve,17000295,1,0,1,0,0,1,0,0,0,1,0,0,0,1,0,0,1
TX,True North Consulting Group,16079632,3,2,1,0,1,2,0,0,0,3,0,2,0,1,0,1,4
TX,VST Services LLC,16043688,89,76,13,13,16,60,0,13,6,70,0,26,50,13,25,19,98
VA,AdTec-Administrative & Technical Consulting,16024741,2,2,0,0,0,2,0,0,0,2,0,0,2,0,0,0,3
VA,"DEBRA M. KRIETE, ESQ.",16043864,1,1,0,0,0,1,0,1,0,0,0,0,1,0,1,0,1
VA,"e2e Exchange, LLC",16043595,2,2,0,1,0,1,0,1,0,1,0,0,2,0,1,0,3
VA,Educational Consortium for Telecom Savings,16024807,15,15,0,1,1,13,0,4,0,11,0,4,11,0,5,1,16
VA,Educational Funding Group,16043587,1,1,0,0,0,1,0,0,0,1,0,0,1,0,0,0,1
VA,Educational Technology & Networking Consultant,16063494,1,1,0,0,0,1,0,0,0,1,0,1,0,0,0,0,1
VA,"E-Rate 360 Solutions, LLC",16048893,4,4,0,0,0,4,0,0,0,4,0,1,3,0,0,0,4
VA,E-Rate Central,16060891,37,35,2,3,2,32,0,10,0,27,0,6,29,2,12,2,38
VA,E-Rate Professional$.com,16062265,1,1,0,0,0,1,0,0,0,1,0,0,1,0,0,0,1
VA,E-Rate Services LLC,16060902,1,1,0,0,0,1,0,0,0,1,0,1,0,0,0,0,1
VA,Funds for Learning,16024808,2,2,0,0,0,2,0,1,0,1,0,0,2,0,1,0,3
VA,New Hope Technology Foundation,16054699,3,3,0,1,1,1,0,1,0,2,0,0,3,0,1,1,3
VA,Sestito Technology Consultants LLC,17000523,4,4,0,0,0,4,0,1,0,3,0,0,4,0,1,0,11
VT,Allen J. Curtis,16061787,1,1,0,0,0,1,0,0,0,1,0,1,0,0,0,0,1
VT,Comtrek Inc,16080395,1,1,0,0,0,1,0,1,0,0,0,1,0,0,1,0,1
VT,"e2e Exchange, LLC",16043595,2,1,1,1,1,0,0,0,1,1,0,1,0,1,1,1,2
VT,Educational Consortium for Telecom Savings,16024807,1,1,0,0,0,1,0,0,0,1,0,0,1,0,0,0,1
VT,E-Rate Central,16060891,1,1,0,0,0,1,0,1,0,0,0,0,1,0,1,0,1
VT,"E-Rate Elite Services, Inc.",16024803,1,1,0,1,0,0,0,0,0,1,0,0,1,0,1,0,1
VT,E-RATE ONLINE LLC,16048791,2,2,0,2,0,0,0,0,0,2,0,0,2,0,2,0,3
VT,"INTECH, LLC",16071169,1,1,0,1,0,0,0,0,0,1,0,1,0,0,1,0,2
VT,"Kenseth Communications Consulting, Ltd",16043627,12,10,2,0,6,6,0,0,1,10,1,9,1,2,0,6,12
VT,NEW ENGLAND SYSTEMS & SOFTWARE INC,16061990,1,1,0,0,0,1,0,0,0,1,0,1,0,0,0,0,1
VT,ONeal Consulting,16024811,3,2,1,1,1,1,0,0,1,2,0,1,1,1,1,1,3
WA,American e-Rate Solutions,16071258,16,14,2,0,4,12,0,3,1,12,0,13,1,2,3,4,20
WA,BIA Erate Team,17001438,1,0,1,0,0,1,0,0,1,0,0,0,0,1,0,1,4
WA,BTU Consultants,16049611,4,4,0,1,0,3,0,2,0,2,0,4,0,0,2,0,4
WA,eDimension LLC,16043582,1,1,0,0,0,1,0,1,0,0,0,1,0,0,1,0,3
WA,EdTech Logistics LLC,16079875,14,14,0,4,5,5,0,0,0,14,0,13,1,0,4,5,18
WA,Educational Consortium for Telecom Savings,16024807,3,2,1,0,1,2,0,1,0,2,0,1,1,1,1,1,3
WA,Educational Service District No. 123,16062344,7,6,1,0,1,6,0,2,1,4,0,3,3,1,2,1,7
WA,"E-Rate 360 Solutions, LLC",16048893,1,0,1,0,1,0,0,0,1,0,0,0,0,1,0,1,1
WA,"E-RATE AND EDUCATIONAL SERVICES, LLC.",16062408,13,10,3,1,6,6,0,0,2,11,0,8,2,3,1,6,14
WA,E-Rate Central,16060891,1,1,0,0,1,0,0,0,0,1,0,1,0,0,0,1,1
WA,E-Rate Complete,16043592,1,1,0,1,0,0,0,0,0,1,0,1,0,0,1,0,1
WA,Funds for Learning,16024808,8,7,1,0,3,5,0,0,1,7,0,5,2,1,0,3,9
WA,John G. Mitchell Consulting,16063049,1,0,1,0,1,0,0,0,1,0,0,0,0,1,0,1,5
WA,Kraig-X-Skape Educational Consulting,16062270,6,6,0,0,1,5,0,0,0,6,0,5,1,0,0,1,8
WA,Morrow & Morrow Inc,16062111,1,1,0,0,0,1,0,0,0,1,0,1,0,0,0,0,1
WA,New Hope Technology Foundation,16054699,1,1,0,0,1,0,0,0,0,1,0,1,0,0,0,1,1
WA,Northwest Council for Computer Education (NCCE),17000414,10,9,1,3,1,6,0,1,1,8,0,8,1,1,4,1,11
WA,Olympic Peninsula Consultants,16043645,22,21,1,5,3,14,0,3,1,18,0,18,3,1,7,4,23
WA,Schooley Mitchell,16062646,1,1,0,0,0,1,0,0,0,1,0,1,0,0,0,0,1
WI,"ARROWHEAD REGIONAL COMPUTING CONSORTIUM, RMIC REGION II",16062657,1,1,0,0,1,0,0,1,0,0,0,1,0,0,1,1,1
WI,BTU Consultants,16049611,1,1,0,0,0,1,0,0,0,1,0,1,0,0,0,0,1
WI,CESA #11,17000269,27,22,5,2,9,16,0,1,4,22,0,12,9,6,3,10,31
WI,CESA 9,16062593,18,14,4,1,3,12,2,1,1,16,0,3,11,4,2,3,21
WI,Cooperative Educational Service Agency 12,16062644,11,10,1,0,2,9,0,0,0,11,0,2,8,1,0,2,15
WI,"e2e Exchange, LLC",16043595,24,15,9,0,11,13,0,1,4,19,0,9,6,9,1,11,26
WI,"EDTECH STRATEGIES, LLC",16062713,1,1,0,0,1,0,0,0,0,1,0,0,1,0,0,1,2
WI,Educational Consortium for Telecom Savings,16024807,23,21,2,0,6,17,0,2,0,20,1,8,13,2,2,6,24
WI,Epic Communications,16048924,2,1,1,1,0,1,0,0,1,1,0,1,0,1,1,1,2
WI,"E-Rate 360 Solutions, LLC",16048893,8,6,2,0,5,3,0,0,2,6,0,5,1,2,0,5,9
WI,E-Rate Complete,16043592,3,3,0,0,0,3,0,1,0,2,0,2,1,0,1,0,4
WI,"E-Rate Funding Services, LLC",16082747,2,2,0,0,0,2,0,0,0,2,0,0,2,0,0,0,2
WI,E-RATE ONLINE LLC,16048791,2,2,0,0,0,2,0,0,0,2,0,1,1,0,0,0,2
WI,"ERateProgram, LLC",16048902,4,4,0,0,0,4,0,0,0,4,0,2,2,0,0,0,4
WI,Fazil Bhimani,16062645,4,3,1,0,2,2,0,0,1,3,0,2,1,1,0,2,4
WI,Federal Funds Assistant,16062923,6,5,1,0,1,5,0,1,1,4,0,2,3,1,1,1,6
WI,Jamie Price,17007356,1,1,0,0,1,0,0,0,0,1,0,1,0,0,0,1,1
WI,Livermore Technologies LLC,17004158,1,0,1,0,1,0,0,0,1,0,0,0,0,1,0,1,2
WI,New Hope Technology Foundation,16054699,3,3,0,0,0,3,0,0,0,3,0,1,2,0,0,0,3
WI,QuinteSystems_Inc.,16062882,1,1,0,0,0,1,0,0,0,1,0,0,1,0,0,0,1
WI,Telesolutions Consultants LLC,16043677,6,5,1,0,3,2,1,0,1,5,0,0,5,1,0,4,6
WV,"e2e Exchange, LLC",16043595,1,1,0,0,0,1,0,0,0,1,0,0,1,0,0,0,1
WV,Educational Funding Group,16043587,29,29,0,0,0,29,0,0,0,29,0,11,18,0,0,0,29
WV,Epic Communications,16048924,5,3,2,0,2,3,0,0,2,3,0,1,2,2,0,2,5
WV,E-Rate Central,16060891,1,0,1,0,1,0,0,0,1,0,0,0,0,1,0,1,1
WV,Jennifer Miller,16075124,4,4,0,0,1,3,0,0,0,4,0,1,3,0,0,1,4
WY,BTU Consultants,16049611,5,5,0,4,0,1,0,0,0,5,0,0,5,0,4,0,5
WY,"e2e Exchange, LLC",16043595,1,1,0,1,0,0,0,0,0,1,0,0,1,0,1,0,1
WY,Educational Consortium for Telecom Savings,16024807,1,0,1,1,0,0,0,0,1,0,0,0,1,0,1,1,2
WY,E-Rate Complete,16043592,1,1,0,0,0,1,0,0,0,1,0,0,1,0,0,0,1
WY,"E-Rate Program Management, LLC",17000083,1,1,0,1,0,0,0,0,0,1,0,0,1,0,1,0,1
WY,Funds for Learning,16024808,1,1,0,0,0,1,0,0,0,1,0,0,1,0,0,0,1
WY,John Hubley,16062228,3,3,0,1,0,2,0,0,0,3,0,2,1,0,1,0,3
WY,Nicole Radoumis,16072253,3,3,0,1,1,1,0,0,0,3,0,0,3,0,1,1,3
